X1,X2,X3,X4,X5,X6,X7,X8,X9,X10,X11,X12,X13,X14,X15,X16,X17,X18,X19,X20,X21,filename
X1,X2,X3,X4,X5,X6,X7,X8,X9,X10,X11,X12,X13,X14,X15,X16,X17,X18,X19,X20,filename,
X1,X2,X3,X4,X5,X6,X7,X8,X9,X10,X11,X12,X13,X14,X15,X16,X17,X18,X19,filename,NA,
X1,X2,X3,X4,X5,X6,X7,X8,X9,X10,X11,X12,X13,X14,X15,X16,X17,X18,filename,NA,NA,
X1,X2,X3,X4,X5,X6,X7,X8,X9,X10,X11,X12,X13,X14,X15,X16,X17,filename,NA,NA,NA,
X1,X2,X3,X4,X5,X6,X7,X8,X9,X10,X11,X12,X13,X14,X15,X16,filename,NA,NA,NA,NA,
X1,X2,X3,X4,X5,X6,X7,X8,X9,X10,X11,X12,X13,X14,X15,filename,NA,NA,NA,NA,NA,
X1,X2,X3,X4,X5,X6,X7,X8,X9,X10,X11,X12,X13,X14,filename,NA,NA,NA,NA,NA,NA,
X1,X2,X3,X4,X5,X6,X7,X8,X9,X10,X11,X12,X13,filename,NA,NA,NA,NA,NA,NA,NA,
X1,X2,X3,X4,X5,X6,X7,X8,X9,X10,X11,X12,filename,NA,NA,NA,NA,NA,NA,NA,NA,
X1,X2,X3,X4,X5,X6,X7,X8,X9,X10,X11,filename,NA,NA,NA,NA,NA,NA,NA,NA,NA,
X1,X2,X3,X4,X5,X6,X7,X8,X9,X10,filename,NA,NA,NA,NA,NA,NA,NA,NA,NA,NA,
X1,X2,X3,X4,X5,X6,X7,X8,X9,filename,NA,NA,NA,NA,NA,NA,NA,NA,NA,NA,NA,
X1,X2,X3,X4,X5,X6,X7,X8,filename,NA,NA,NA,NA,NA,NA,NA,NA,NA,NA,NA,NA,
image 1/110 03707DDB-862F-4942-9D4F-946971161DCC_1_105_c.jpeg,4 American Bistorts,2 Bracted Louseworts,11 Magenta Paintbrushs,24 Mountain Daisys,4 Sitka Valerians,3 Subalpine Lupines,Done. (0.302s),03707DDB-862F-4942-9D4F-946971161DCC_1_105_c.jpeg,03707DDB-862F-4942-9D4F-946971161DCC_1_105_c.jpeg,03707DDB-862F-4942-9D4F-946971161DCC_1_105_c.jpeg,03707DDB-862F-4942-9D4F-946971161DCC_1_105_c.jpeg,03707DDB-862F-4942-9D4F-946971161DCC_1_105_c.jpeg,03707DDB-862F-4942-9D4F-946971161DCC_1_105_c.jpeg,03707DDB-862F-4942-9D4F-946971161DCC_1_105_c.jpeg,03707DDB-862F-4942-9D4F-946971161DCC_1_105_c.jpeg,03707DDB-862F-4942-9D4F-946971161DCC_1_105_c.jpeg,03707DDB-862F-4942-9D4F-946971161DCC_1_105_c.jpeg,03707DDB-862F-4942-9D4F-946971161DCC_1_105_c.jpeg,03707DDB-862F-4942-9D4F-946971161DCC_1_105_c.jpeg,03707DDB-862F-4942-9D4F-946971161DCC_1_105_c.jpeg,03707DDB-862F-4942-9D4F-946971161DCC_1_105_c.jpeg
image 2/110 03D236A9-E553-4027-B54E-686AA5B56859_1_105_c.jpeg,1 Western Anemone,2 Subalpine Lupines,Done. (0.269s),NA,NA,NA,NA,03D236A9-E553-4027-B54E-686AA5B56859_1_105_c.jpeg,03D236A9-E553-4027-B54E-686AA5B56859_1_105_c.jpeg,03D236A9-E553-4027-B54E-686AA5B56859_1_105_c.jpeg,03D236A9-E553-4027-B54E-686AA5B56859_1_105_c.jpeg,03D236A9-E553-4027-B54E-686AA5B56859_1_105_c.jpeg,03D236A9-E553-4027-B54E-686AA5B56859_1_105_c.jpeg,03D236A9-E553-4027-B54E-686AA5B56859_1_105_c.jpeg,03D236A9-E553-4027-B54E-686AA5B56859_1_105_c.jpeg,03D236A9-E553-4027-B54E-686AA5B56859_1_105_c.jpeg,03D236A9-E553-4027-B54E-686AA5B56859_1_105_c.jpeg,03D236A9-E553-4027-B54E-686AA5B56859_1_105_c.jpeg,03D236A9-E553-4027-B54E-686AA5B56859_1_105_c.jpeg,03D236A9-E553-4027-B54E-686AA5B56859_1_105_c.jpeg,03D236A9-E553-4027-B54E-686AA5B56859_1_105_c.jpeg
image 3/110 07F26E60-F4D1-481A-912B-A0792C2E6CFA_1_105_c.jpeg,4 Western Anemones,14 American Bistorts,1 Mountain Daisy,Done. (0.277s),NA,NA,NA,07F26E60-F4D1-481A-912B-A0792C2E6CFA_1_105_c.jpeg,07F26E60-F4D1-481A-912B-A0792C2E6CFA_1_105_c.jpeg,07F26E60-F4D1-481A-912B-A0792C2E6CFA_1_105_c.jpeg,07F26E60-F4D1-481A-912B-A0792C2E6CFA_1_105_c.jpeg,07F26E60-F4D1-481A-912B-A0792C2E6CFA_1_105_c.jpeg,07F26E60-F4D1-481A-912B-A0792C2E6CFA_1_105_c.jpeg,07F26E60-F4D1-481A-912B-A0792C2E6CFA_1_105_c.jpeg,07F26E60-F4D1-481A-912B-A0792C2E6CFA_1_105_c.jpeg,07F26E60-F4D1-481A-912B-A0792C2E6CFA_1_105_c.jpeg,07F26E60-F4D1-481A-912B-A0792C2E6CFA_1_105_c.jpeg,07F26E60-F4D1-481A-912B-A0792C2E6CFA_1_105_c.jpeg,07F26E60-F4D1-481A-912B-A0792C2E6CFA_1_105_c.jpeg,07F26E60-F4D1-481A-912B-A0792C2E6CFA_1_105_c.jpeg,07F26E60-F4D1-481A-912B-A0792C2E6CFA_1_105_c.jpeg
image 4/110 0A278E72-C28C-4037-8E9F-B6891A80307B_1_105_c.jpeg,16 Western Anemones,7 American Bistorts,3 Magenta Paintbrushs,2 Mountain Daisys,21 Sitka Valerians,7 Subalpine Lupines,Done. (0.265s),0A278E72-C28C-4037-8E9F-B6891A80307B_1_105_c.jpeg,0A278E72-C28C-4037-8E9F-B6891A80307B_1_105_c.jpeg,0A278E72-C28C-4037-8E9F-B6891A80307B_1_105_c.jpeg,0A278E72-C28C-4037-8E9F-B6891A80307B_1_105_c.jpeg,0A278E72-C28C-4037-8E9F-B6891A80307B_1_105_c.jpeg,0A278E72-C28C-4037-8E9F-B6891A80307B_1_105_c.jpeg,0A278E72-C28C-4037-8E9F-B6891A80307B_1_105_c.jpeg,0A278E72-C28C-4037-8E9F-B6891A80307B_1_105_c.jpeg,0A278E72-C28C-4037-8E9F-B6891A80307B_1_105_c.jpeg,0A278E72-C28C-4037-8E9F-B6891A80307B_1_105_c.jpeg,0A278E72-C28C-4037-8E9F-B6891A80307B_1_105_c.jpeg,0A278E72-C28C-4037-8E9F-B6891A80307B_1_105_c.jpeg,0A278E72-C28C-4037-8E9F-B6891A80307B_1_105_c.jpeg,0A278E72-C28C-4037-8E9F-B6891A80307B_1_105_c.jpeg
image 5/110 0BB7A21D-5636-4193-BC3F-CAC9DF9F3849_1_105_c.jpeg,2 Subalpine Lupines,Done. (0.260s),NA,NA,NA,NA,NA,0BB7A21D-5636-4193-BC3F-CAC9DF9F3849_1_105_c.jpeg,0BB7A21D-5636-4193-BC3F-CAC9DF9F3849_1_105_c.jpeg,0BB7A21D-5636-4193-BC3F-CAC9DF9F3849_1_105_c.jpeg,0BB7A21D-5636-4193-BC3F-CAC9DF9F3849_1_105_c.jpeg,0BB7A21D-5636-4193-BC3F-CAC9DF9F3849_1_105_c.jpeg,0BB7A21D-5636-4193-BC3F-CAC9DF9F3849_1_105_c.jpeg,0BB7A21D-5636-4193-BC3F-CAC9DF9F3849_1_105_c.jpeg,0BB7A21D-5636-4193-BC3F-CAC9DF9F3849_1_105_c.jpeg,0BB7A21D-5636-4193-BC3F-CAC9DF9F3849_1_105_c.jpeg,0BB7A21D-5636-4193-BC3F-CAC9DF9F3849_1_105_c.jpeg,0BB7A21D-5636-4193-BC3F-CAC9DF9F3849_1_105_c.jpeg,0BB7A21D-5636-4193-BC3F-CAC9DF9F3849_1_105_c.jpeg,0BB7A21D-5636-4193-BC3F-CAC9DF9F3849_1_105_c.jpeg,0BB7A21D-5636-4193-BC3F-CAC9DF9F3849_1_105_c.jpeg
image 6/110 11D166EA-CE9C-42CA-AB9D-A4A28409A2C7_1_105_c.jpeg,Done. (0.255s),NA,NA,NA,NA,NA,NA,11D166EA-CE9C-42CA-AB9D-A4A28409A2C7_1_105_c.jpeg,11D166EA-CE9C-42CA-AB9D-A4A28409A2C7_1_105_c.jpeg,11D166EA-CE9C-42CA-AB9D-A4A28409A2C7_1_105_c.jpeg,11D166EA-CE9C-42CA-AB9D-A4A28409A2C7_1_105_c.jpeg,11D166EA-CE9C-42CA-AB9D-A4A28409A2C7_1_105_c.jpeg,11D166EA-CE9C-42CA-AB9D-A4A28409A2C7_1_105_c.jpeg,11D166EA-CE9C-42CA-AB9D-A4A28409A2C7_1_105_c.jpeg,11D166EA-CE9C-42CA-AB9D-A4A28409A2C7_1_105_c.jpeg,11D166EA-CE9C-42CA-AB9D-A4A28409A2C7_1_105_c.jpeg,11D166EA-CE9C-42CA-AB9D-A4A28409A2C7_1_105_c.jpeg,11D166EA-CE9C-42CA-AB9D-A4A28409A2C7_1_105_c.jpeg,11D166EA-CE9C-42CA-AB9D-A4A28409A2C7_1_105_c.jpeg,11D166EA-CE9C-42CA-AB9D-A4A28409A2C7_1_105_c.jpeg,11D166EA-CE9C-42CA-AB9D-A4A28409A2C7_1_105_c.jpeg
image 7/110 14B0125C-E5A1-4478-91B7-470DE83A8A3E_1_105_c.jpeg,1 American Bistort,1 Sitka Valerian,1 Subalpine Lupine,47 Cascade Asters,Done. (0.253s),NA,NA,14B0125C-E5A1-4478-91B7-470DE83A8A3E_1_105_c.jpeg,14B0125C-E5A1-4478-91B7-470DE83A8A3E_1_105_c.jpeg,14B0125C-E5A1-4478-91B7-470DE83A8A3E_1_105_c.jpeg,14B0125C-E5A1-4478-91B7-470DE83A8A3E_1_105_c.jpeg,14B0125C-E5A1-4478-91B7-470DE83A8A3E_1_105_c.jpeg,14B0125C-E5A1-4478-91B7-470DE83A8A3E_1_105_c.jpeg,14B0125C-E5A1-4478-91B7-470DE83A8A3E_1_105_c.jpeg,14B0125C-E5A1-4478-91B7-470DE83A8A3E_1_105_c.jpeg,14B0125C-E5A1-4478-91B7-470DE83A8A3E_1_105_c.jpeg,14B0125C-E5A1-4478-91B7-470DE83A8A3E_1_105_c.jpeg,14B0125C-E5A1-4478-91B7-470DE83A8A3E_1_105_c.jpeg,14B0125C-E5A1-4478-91B7-470DE83A8A3E_1_105_c.jpeg,14B0125C-E5A1-4478-91B7-470DE83A8A3E_1_105_c.jpeg,14B0125C-E5A1-4478-91B7-470DE83A8A3E_1_105_c.jpeg
image 8/110 165B9F3A-9A95-4A3C-A6B8-67AEA73ACFA9_1_105_c.jpeg,3 Mountain Daisys,1 Sharptooth Angelica,1 Broadleaf Arnica,Done. (0.258s),NA,NA,NA,165B9F3A-9A95-4A3C-A6B8-67AEA73ACFA9_1_105_c.jpeg,165B9F3A-9A95-4A3C-A6B8-67AEA73ACFA9_1_105_c.jpeg,165B9F3A-9A95-4A3C-A6B8-67AEA73ACFA9_1_105_c.jpeg,165B9F3A-9A95-4A3C-A6B8-67AEA73ACFA9_1_105_c.jpeg,165B9F3A-9A95-4A3C-A6B8-67AEA73ACFA9_1_105_c.jpeg,165B9F3A-9A95-4A3C-A6B8-67AEA73ACFA9_1_105_c.jpeg,165B9F3A-9A95-4A3C-A6B8-67AEA73ACFA9_1_105_c.jpeg,165B9F3A-9A95-4A3C-A6B8-67AEA73ACFA9_1_105_c.jpeg,165B9F3A-9A95-4A3C-A6B8-67AEA73ACFA9_1_105_c.jpeg,165B9F3A-9A95-4A3C-A6B8-67AEA73ACFA9_1_105_c.jpeg,165B9F3A-9A95-4A3C-A6B8-67AEA73ACFA9_1_105_c.jpeg,165B9F3A-9A95-4A3C-A6B8-67AEA73ACFA9_1_105_c.jpeg,165B9F3A-9A95-4A3C-A6B8-67AEA73ACFA9_1_105_c.jpeg,165B9F3A-9A95-4A3C-A6B8-67AEA73ACFA9_1_105_c.jpeg
image 9/110 16D001D6-F2A0-4AF1-829F-D3A53C2A3439_1_105_c.jpeg,1 Mountain Daisy,25 Cascade Asters,Done. (0.253s),NA,NA,NA,NA,16D001D6-F2A0-4AF1-829F-D3A53C2A3439_1_105_c.jpeg,16D001D6-F2A0-4AF1-829F-D3A53C2A3439_1_105_c.jpeg,16D001D6-F2A0-4AF1-829F-D3A53C2A3439_1_105_c.jpeg,16D001D6-F2A0-4AF1-829F-D3A53C2A3439_1_105_c.jpeg,16D001D6-F2A0-4AF1-829F-D3A53C2A3439_1_105_c.jpeg,16D001D6-F2A0-4AF1-829F-D3A53C2A3439_1_105_c.jpeg,16D001D6-F2A0-4AF1-829F-D3A53C2A3439_1_105_c.jpeg,16D001D6-F2A0-4AF1-829F-D3A53C2A3439_1_105_c.jpeg,16D001D6-F2A0-4AF1-829F-D3A53C2A3439_1_105_c.jpeg,16D001D6-F2A0-4AF1-829F-D3A53C2A3439_1_105_c.jpeg,16D001D6-F2A0-4AF1-829F-D3A53C2A3439_1_105_c.jpeg,16D001D6-F2A0-4AF1-829F-D3A53C2A3439_1_105_c.jpeg,16D001D6-F2A0-4AF1-829F-D3A53C2A3439_1_105_c.jpeg,16D001D6-F2A0-4AF1-829F-D3A53C2A3439_1_105_c.jpeg
image 10/110 171428FE-3688-4421-8078-C979B1CDC7B4_1_105_c.jpeg,1 Grays Lovage,1 North Mircoseris,Done. (0.257s),NA,NA,NA,NA,171428FE-3688-4421-8078-C979B1CDC7B4_1_105_c.jpeg,171428FE-3688-4421-8078-C979B1CDC7B4_1_105_c.jpeg,171428FE-3688-4421-8078-C979B1CDC7B4_1_105_c.jpeg,171428FE-3688-4421-8078-C979B1CDC7B4_1_105_c.jpeg,171428FE-3688-4421-8078-C979B1CDC7B4_1_105_c.jpeg,171428FE-3688-4421-8078-C979B1CDC7B4_1_105_c.jpeg,171428FE-3688-4421-8078-C979B1CDC7B4_1_105_c.jpeg,171428FE-3688-4421-8078-C979B1CDC7B4_1_105_c.jpeg,171428FE-3688-4421-8078-C979B1CDC7B4_1_105_c.jpeg,171428FE-3688-4421-8078-C979B1CDC7B4_1_105_c.jpeg,171428FE-3688-4421-8078-C979B1CDC7B4_1_105_c.jpeg,171428FE-3688-4421-8078-C979B1CDC7B4_1_105_c.jpeg,171428FE-3688-4421-8078-C979B1CDC7B4_1_105_c.jpeg, 171428FE-3688-4421-8078-C979B1CDC7B4_1_105_c.jpeg
image 11/110 176AF93A-9DED-4440-8E74-47C61920F901_1_105_c.jpeg,Done. (0.254s),NA,NA,NA,NA,NA,NA,176AF93A-9DED-4440-8E74-47C61920F901_1_105_c.jpeg,176AF93A-9DED-4440-8E74-47C61920F901_1_105_c.jpeg,176AF93A-9DED-4440-8E74-47C61920F901_1_105_c.jpeg,176AF93A-9DED-4440-8E74-47C61920F901_1_105_c.jpeg,176AF93A-9DED-4440-8E74-47C61920F901_1_105_c.jpeg,176AF93A-9DED-4440-8E74-47C61920F901_1_105_c.jpeg,176AF93A-9DED-4440-8E74-47C61920F901_1_105_c.jpeg,176AF93A-9DED-4440-8E74-47C61920F901_1_105_c.jpeg,176AF93A-9DED-4440-8E74-47C61920F901_1_105_c.jpeg,176AF93A-9DED-4440-8E74-47C61920F901_1_105_c.jpeg,176AF93A-9DED-4440-8E74-47C61920F901_1_105_c.jpeg,176AF93A-9DED-4440-8E74-47C61920F901_1_105_c.jpeg,176AF93A-9DED-4440-8E74-47C61920F901_1_105_c.jpeg, 176AF93A-9DED-4440-8E74-47C61920F901_1_105_c.jpeg
image 12/110 1832B7EC-05E9-4FC8-8963-E09E0950760E_1_105_c.jpeg,5 Sitka Valerians,10 Subalpine Lupines,1 Sharptooth Angelica,Done. (0.257s),NA,NA,NA,1832B7EC-05E9-4FC8-8963-E09E0950760E_1_105_c.jpeg,1832B7EC-05E9-4FC8-8963-E09E0950760E_1_105_c.jpeg,1832B7EC-05E9-4FC8-8963-E09E0950760E_1_105_c.jpeg,1832B7EC-05E9-4FC8-8963-E09E0950760E_1_105_c.jpeg,1832B7EC-05E9-4FC8-8963-E09E0950760E_1_105_c.jpeg,1832B7EC-05E9-4FC8-8963-E09E0950760E_1_105_c.jpeg,1832B7EC-05E9-4FC8-8963-E09E0950760E_1_105_c.jpeg,1832B7EC-05E9-4FC8-8963-E09E0950760E_1_105_c.jpeg,1832B7EC-05E9-4FC8-8963-E09E0950760E_1_105_c.jpeg,1832B7EC-05E9-4FC8-8963-E09E0950760E_1_105_c.jpeg,1832B7EC-05E9-4FC8-8963-E09E0950760E_1_105_c.jpeg,1832B7EC-05E9-4FC8-8963-E09E0950760E_1_105_c.jpeg,1832B7EC-05E9-4FC8-8963-E09E0950760E_1_105_c.jpeg, 1832B7EC-05E9-4FC8-8963-E09E0950760E_1_105_c.jpeg
image 13/110 18BD2E1F-CA16-4EAA-8806-3625DFFD93AA_1_105_c.jpeg,6 American Bistorts,4 Magenta Paintbrushs,2 Mountain Daisys,84 Subalpine Lupines,Done. (0.263s),NA,NA,18BD2E1F-CA16-4EAA-8806-3625DFFD93AA_1_105_c.jpeg,18BD2E1F-CA16-4EAA-8806-3625DFFD93AA_1_105_c.jpeg,18BD2E1F-CA16-4EAA-8806-3625DFFD93AA_1_105_c.jpeg,18BD2E1F-CA16-4EAA-8806-3625DFFD93AA_1_105_c.jpeg,18BD2E1F-CA16-4EAA-8806-3625DFFD93AA_1_105_c.jpeg,18BD2E1F-CA16-4EAA-8806-3625DFFD93AA_1_105_c.jpeg,18BD2E1F-CA16-4EAA-8806-3625DFFD93AA_1_105_c.jpeg,18BD2E1F-CA16-4EAA-8806-3625DFFD93AA_1_105_c.jpeg,18BD2E1F-CA16-4EAA-8806-3625DFFD93AA_1_105_c.jpeg,18BD2E1F-CA16-4EAA-8806-3625DFFD93AA_1_105_c.jpeg,18BD2E1F-CA16-4EAA-8806-3625DFFD93AA_1_105_c.jpeg,18BD2E1F-CA16-4EAA-8806-3625DFFD93AA_1_105_c.jpeg,18BD2E1F-CA16-4EAA-8806-3625DFFD93AA_1_105_c.jpeg, 18BD2E1F-CA16-4EAA-8806-3625DFFD93AA_1_105_c.jpeg
image 14/110 1A4E9EB8-BF30-463E-95B9-868D50E9976C_1_105_c.jpeg,28 Grays Lovages,33 Subalpine Lupines,Done. (0.261s),NA,NA,NA,NA,1A4E9EB8-BF30-463E-95B9-868D50E9976C_1_105_c.jpeg,1A4E9EB8-BF30-463E-95B9-868D50E9976C_1_105_c.jpeg,1A4E9EB8-BF30-463E-95B9-868D50E9976C_1_105_c.jpeg,1A4E9EB8-BF30-463E-95B9-868D50E9976C_1_105_c.jpeg,1A4E9EB8-BF30-463E-95B9-868D50E9976C_1_105_c.jpeg,1A4E9EB8-BF30-463E-95B9-868D50E9976C_1_105_c.jpeg,1A4E9EB8-BF30-463E-95B9-868D50E9976C_1_105_c.jpeg,1A4E9EB8-BF30-463E-95B9-868D50E9976C_1_105_c.jpeg,1A4E9EB8-BF30-463E-95B9-868D50E9976C_1_105_c.jpeg,1A4E9EB8-BF30-463E-95B9-868D50E9976C_1_105_c.jpeg,1A4E9EB8-BF30-463E-95B9-868D50E9976C_1_105_c.jpeg,1A4E9EB8-BF30-463E-95B9-868D50E9976C_1_105_c.jpeg,1A4E9EB8-BF30-463E-95B9-868D50E9976C_1_105_c.jpeg, 1A4E9EB8-BF30-463E-95B9-868D50E9976C_1_105_c.jpeg
image 15/110 1BFB41C5-D64D-49BD-8EFB-17D3F88ED9B0_1_105_c.jpeg,6 American Bistorts,3 Magenta Paintbrushs,2 Mountain Daisys,3 Sitka Valerians,21 Subalpine Lupines,Done. (0.264s),NA,1BFB41C5-D64D-49BD-8EFB-17D3F88ED9B0_1_105_c.jpeg,1BFB41C5-D64D-49BD-8EFB-17D3F88ED9B0_1_105_c.jpeg,1BFB41C5-D64D-49BD-8EFB-17D3F88ED9B0_1_105_c.jpeg,1BFB41C5-D64D-49BD-8EFB-17D3F88ED9B0_1_105_c.jpeg,1BFB41C5-D64D-49BD-8EFB-17D3F88ED9B0_1_105_c.jpeg,1BFB41C5-D64D-49BD-8EFB-17D3F88ED9B0_1_105_c.jpeg,1BFB41C5-D64D-49BD-8EFB-17D3F88ED9B0_1_105_c.jpeg,1BFB41C5-D64D-49BD-8EFB-17D3F88ED9B0_1_105_c.jpeg,1BFB41C5-D64D-49BD-8EFB-17D3F88ED9B0_1_105_c.jpeg,1BFB41C5-D64D-49BD-8EFB-17D3F88ED9B0_1_105_c.jpeg,1BFB41C5-D64D-49BD-8EFB-17D3F88ED9B0_1_105_c.jpeg,1BFB41C5-D64D-49BD-8EFB-17D3F88ED9B0_1_105_c.jpeg,1BFB41C5-D64D-49BD-8EFB-17D3F88ED9B0_1_105_c.jpeg, 1BFB41C5-D64D-49BD-8EFB-17D3F88ED9B0_1_105_c.jpeg
image 16/110 1F65A992-D0CC-4987-8FB5-6C59AA80C634_1_105_c.jpeg,2 Magenta Paintbrushs,2 Sitka Valerians,Done. (0.256s),NA,NA,NA,NA,1F65A992-D0CC-4987-8FB5-6C59AA80C634_1_105_c.jpeg,1F65A992-D0CC-4987-8FB5-6C59AA80C634_1_105_c.jpeg,1F65A992-D0CC-4987-8FB5-6C59AA80C634_1_105_c.jpeg,1F65A992-D0CC-4987-8FB5-6C59AA80C634_1_105_c.jpeg,1F65A992-D0CC-4987-8FB5-6C59AA80C634_1_105_c.jpeg,1F65A992-D0CC-4987-8FB5-6C59AA80C634_1_105_c.jpeg,1F65A992-D0CC-4987-8FB5-6C59AA80C634_1_105_c.jpeg,1F65A992-D0CC-4987-8FB5-6C59AA80C634_1_105_c.jpeg,1F65A992-D0CC-4987-8FB5-6C59AA80C634_1_105_c.jpeg,1F65A992-D0CC-4987-8FB5-6C59AA80C634_1_105_c.jpeg,1F65A992-D0CC-4987-8FB5-6C59AA80C634_1_105_c.jpeg,1F65A992-D0CC-4987-8FB5-6C59AA80C634_1_105_c.jpeg,1F65A992-D0CC-4987-8FB5-6C59AA80C634_1_105_c.jpeg, 1F65A992-D0CC-4987-8FB5-6C59AA80C634_1_105_c.jpeg
image 17/110 20910854-79F1-4F90-A259-590DFEEA7707_1_105_c.jpeg,1 American Bistort,2 Subalpine Lupines,Done. (0.257s),NA,NA,NA,NA,20910854-79F1-4F90-A259-590DFEEA7707_1_105_c.jpeg,20910854-79F1-4F90-A259-590DFEEA7707_1_105_c.jpeg,20910854-79F1-4F90-A259-590DFEEA7707_1_105_c.jpeg,20910854-79F1-4F90-A259-590DFEEA7707_1_105_c.jpeg,20910854-79F1-4F90-A259-590DFEEA7707_1_105_c.jpeg,20910854-79F1-4F90-A259-590DFEEA7707_1_105_c.jpeg,20910854-79F1-4F90-A259-590DFEEA7707_1_105_c.jpeg,20910854-79F1-4F90-A259-590DFEEA7707_1_105_c.jpeg,20910854-79F1-4F90-A259-590DFEEA7707_1_105_c.jpeg,20910854-79F1-4F90-A259-590DFEEA7707_1_105_c.jpeg,20910854-79F1-4F90-A259-590DFEEA7707_1_105_c.jpeg,20910854-79F1-4F90-A259-590DFEEA7707_1_105_c.jpeg,20910854-79F1-4F90-A259-590DFEEA7707_1_105_c.jpeg, 20910854-79F1-4F90-A259-590DFEEA7707_1_105_c.jpeg
image 18/110 22A589C3-93D5-4CDD-A785-E3C75F4E40D4_1_105_c.jpeg,Done. (0.259s),NA,NA,NA,NA,NA,NA,22A589C3-93D5-4CDD-A785-E3C75F4E40D4_1_105_c.jpeg,22A589C3-93D5-4CDD-A785-E3C75F4E40D4_1_105_c.jpeg,22A589C3-93D5-4CDD-A785-E3C75F4E40D4_1_105_c.jpeg,22A589C3-93D5-4CDD-A785-E3C75F4E40D4_1_105_c.jpeg,22A589C3-93D5-4CDD-A785-E3C75F4E40D4_1_105_c.jpeg,22A589C3-93D5-4CDD-A785-E3C75F4E40D4_1_105_c.jpeg,22A589C3-93D5-4CDD-A785-E3C75F4E40D4_1_105_c.jpeg,22A589C3-93D5-4CDD-A785-E3C75F4E40D4_1_105_c.jpeg,22A589C3-93D5-4CDD-A785-E3C75F4E40D4_1_105_c.jpeg,22A589C3-93D5-4CDD-A785-E3C75F4E40D4_1_105_c.jpeg,22A589C3-93D5-4CDD-A785-E3C75F4E40D4_1_105_c.jpeg,22A589C3-93D5-4CDD-A785-E3C75F4E40D4_1_105_c.jpeg,22A589C3-93D5-4CDD-A785-E3C75F4E40D4_1_105_c.jpeg, 22A589C3-93D5-4CDD-A785-E3C75F4E40D4_1_105_c.jpeg
image 19/110 23E6001B-D2C2-4EEA-B621-D22D2BC6B4B5_1_105_c.jpeg,1 Magenta Paintbrush,1 Mountain Daisy,1 Subalpine Lupine,Done. (0.260s),NA,NA,NA,23E6001B-D2C2-4EEA-B621-D22D2BC6B4B5_1_105_c.jpeg,23E6001B-D2C2-4EEA-B621-D22D2BC6B4B5_1_105_c.jpeg,23E6001B-D2C2-4EEA-B621-D22D2BC6B4B5_1_105_c.jpeg,23E6001B-D2C2-4EEA-B621-D22D2BC6B4B5_1_105_c.jpeg,23E6001B-D2C2-4EEA-B621-D22D2BC6B4B5_1_105_c.jpeg,23E6001B-D2C2-4EEA-B621-D22D2BC6B4B5_1_105_c.jpeg,23E6001B-D2C2-4EEA-B621-D22D2BC6B4B5_1_105_c.jpeg,23E6001B-D2C2-4EEA-B621-D22D2BC6B4B5_1_105_c.jpeg,23E6001B-D2C2-4EEA-B621-D22D2BC6B4B5_1_105_c.jpeg,23E6001B-D2C2-4EEA-B621-D22D2BC6B4B5_1_105_c.jpeg,23E6001B-D2C2-4EEA-B621-D22D2BC6B4B5_1_105_c.jpeg,23E6001B-D2C2-4EEA-B621-D22D2BC6B4B5_1_105_c.jpeg,23E6001B-D2C2-4EEA-B621-D22D2BC6B4B5_1_105_c.jpeg, 23E6001B-D2C2-4EEA-B621-D22D2BC6B4B5_1_105_c.jpeg
image 20/110 2D0B8D1F-B587-4C07-B4A5-41248B8D4322_1_105_c.jpeg,1 Bracted Lousewort,4 Grays Lovages,8 Magenta Paintbrushs,27 Subalpine Lupines,Done. (0.258s),NA,NA,2D0B8D1F-B587-4C07-B4A5-41248B8D4322_1_105_c.jpeg,2D0B8D1F-B587-4C07-B4A5-41248B8D4322_1_105_c.jpeg,2D0B8D1F-B587-4C07-B4A5-41248B8D4322_1_105_c.jpeg,2D0B8D1F-B587-4C07-B4A5-41248B8D4322_1_105_c.jpeg,2D0B8D1F-B587-4C07-B4A5-41248B8D4322_1_105_c.jpeg,2D0B8D1F-B587-4C07-B4A5-41248B8D4322_1_105_c.jpeg,2D0B8D1F-B587-4C07-B4A5-41248B8D4322_1_105_c.jpeg,2D0B8D1F-B587-4C07-B4A5-41248B8D4322_1_105_c.jpeg,2D0B8D1F-B587-4C07-B4A5-41248B8D4322_1_105_c.jpeg,2D0B8D1F-B587-4C07-B4A5-41248B8D4322_1_105_c.jpeg,2D0B8D1F-B587-4C07-B4A5-41248B8D4322_1_105_c.jpeg,2D0B8D1F-B587-4C07-B4A5-41248B8D4322_1_105_c.jpeg,2D0B8D1F-B587-4C07-B4A5-41248B8D4322_1_105_c.jpeg, 2D0B8D1F-B587-4C07-B4A5-41248B8D4322_1_105_c.jpeg
image 21/110 2DEF7B16-5758-45C6-91B2-3972CD077D11_1_105_c.jpeg,1 Western Anemone,3 American Bistorts,4 Magenta Paintbrushs,11 Mountain Daisys,10 Subalpine Lupines,Done. (0.261s),NA,2DEF7B16-5758-45C6-91B2-3972CD077D11_1_105_c.jpeg,2DEF7B16-5758-45C6-91B2-3972CD077D11_1_105_c.jpeg,2DEF7B16-5758-45C6-91B2-3972CD077D11_1_105_c.jpeg,2DEF7B16-5758-45C6-91B2-3972CD077D11_1_105_c.jpeg,2DEF7B16-5758-45C6-91B2-3972CD077D11_1_105_c.jpeg,2DEF7B16-5758-45C6-91B2-3972CD077D11_1_105_c.jpeg,2DEF7B16-5758-45C6-91B2-3972CD077D11_1_105_c.jpeg,2DEF7B16-5758-45C6-91B2-3972CD077D11_1_105_c.jpeg,2DEF7B16-5758-45C6-91B2-3972CD077D11_1_105_c.jpeg,2DEF7B16-5758-45C6-91B2-3972CD077D11_1_105_c.jpeg,2DEF7B16-5758-45C6-91B2-3972CD077D11_1_105_c.jpeg,2DEF7B16-5758-45C6-91B2-3972CD077D11_1_105_c.jpeg,2DEF7B16-5758-45C6-91B2-3972CD077D11_1_105_c.jpeg, 2DEF7B16-5758-45C6-91B2-3972CD077D11_1_105_c.jpeg
image 22/110 2F5DA758-7E65-47F0-9B3E-C3DED0D48696_1_105_c.jpeg,3 American Bistorts,1 Sitka Valerian,44 Subalpine Lupines,Done. (0.257s),NA,NA,NA,2F5DA758-7E65-47F0-9B3E-C3DED0D48696_1_105_c.jpeg,2F5DA758-7E65-47F0-9B3E-C3DED0D48696_1_105_c.jpeg,2F5DA758-7E65-47F0-9B3E-C3DED0D48696_1_105_c.jpeg,2F5DA758-7E65-47F0-9B3E-C3DED0D48696_1_105_c.jpeg,2F5DA758-7E65-47F0-9B3E-C3DED0D48696_1_105_c.jpeg,2F5DA758-7E65-47F0-9B3E-C3DED0D48696_1_105_c.jpeg,2F5DA758-7E65-47F0-9B3E-C3DED0D48696_1_105_c.jpeg,2F5DA758-7E65-47F0-9B3E-C3DED0D48696_1_105_c.jpeg,2F5DA758-7E65-47F0-9B3E-C3DED0D48696_1_105_c.jpeg,2F5DA758-7E65-47F0-9B3E-C3DED0D48696_1_105_c.jpeg,2F5DA758-7E65-47F0-9B3E-C3DED0D48696_1_105_c.jpeg,2F5DA758-7E65-47F0-9B3E-C3DED0D48696_1_105_c.jpeg,2F5DA758-7E65-47F0-9B3E-C3DED0D48696_1_105_c.jpeg, 2F5DA758-7E65-47F0-9B3E-C3DED0D48696_1_105_c.jpeg
image 23/110 32D97511-960F-4B97-9D1F-181D76E49027_1_105_c.jpeg,1 American Bistort,1 Sitka Valerian,1 Subalpine Lupine,Done. (0.273s),NA,NA,NA,32D97511-960F-4B97-9D1F-181D76E49027_1_105_c.jpeg,32D97511-960F-4B97-9D1F-181D76E49027_1_105_c.jpeg,32D97511-960F-4B97-9D1F-181D76E49027_1_105_c.jpeg,32D97511-960F-4B97-9D1F-181D76E49027_1_105_c.jpeg,32D97511-960F-4B97-9D1F-181D76E49027_1_105_c.jpeg,32D97511-960F-4B97-9D1F-181D76E49027_1_105_c.jpeg,32D97511-960F-4B97-9D1F-181D76E49027_1_105_c.jpeg,32D97511-960F-4B97-9D1F-181D76E49027_1_105_c.jpeg,32D97511-960F-4B97-9D1F-181D76E49027_1_105_c.jpeg,32D97511-960F-4B97-9D1F-181D76E49027_1_105_c.jpeg,32D97511-960F-4B97-9D1F-181D76E49027_1_105_c.jpeg,32D97511-960F-4B97-9D1F-181D76E49027_1_105_c.jpeg,32D97511-960F-4B97-9D1F-181D76E49027_1_105_c.jpeg, 32D97511-960F-4B97-9D1F-181D76E49027_1_105_c.jpeg
image 24/110 3416825C-2E4C-4B1F-B08F-B9959E23F09E_1_105_c.jpeg,3 Mountain Daisys,5 Cascade Asters,Done. (0.262s),NA,NA,NA,NA,3416825C-2E4C-4B1F-B08F-B9959E23F09E_1_105_c.jpeg,3416825C-2E4C-4B1F-B08F-B9959E23F09E_1_105_c.jpeg,3416825C-2E4C-4B1F-B08F-B9959E23F09E_1_105_c.jpeg,3416825C-2E4C-4B1F-B08F-B9959E23F09E_1_105_c.jpeg,3416825C-2E4C-4B1F-B08F-B9959E23F09E_1_105_c.jpeg,3416825C-2E4C-4B1F-B08F-B9959E23F09E_1_105_c.jpeg,3416825C-2E4C-4B1F-B08F-B9959E23F09E_1_105_c.jpeg,3416825C-2E4C-4B1F-B08F-B9959E23F09E_1_105_c.jpeg,3416825C-2E4C-4B1F-B08F-B9959E23F09E_1_105_c.jpeg,3416825C-2E4C-4B1F-B08F-B9959E23F09E_1_105_c.jpeg,3416825C-2E4C-4B1F-B08F-B9959E23F09E_1_105_c.jpeg,3416825C-2E4C-4B1F-B08F-B9959E23F09E_1_105_c.jpeg,3416825C-2E4C-4B1F-B08F-B9959E23F09E_1_105_c.jpeg, 3416825C-2E4C-4B1F-B08F-B9959E23F09E_1_105_c.jpeg
image 25/110 34EF5158-7A8B-4243-BFB2-030013C34A80_1_105_c.jpeg,1 Mountain Daisy,26 Cascade Asters,Done. (0.257s),NA,NA,NA,NA,34EF5158-7A8B-4243-BFB2-030013C34A80_1_105_c.jpeg,34EF5158-7A8B-4243-BFB2-030013C34A80_1_105_c.jpeg,34EF5158-7A8B-4243-BFB2-030013C34A80_1_105_c.jpeg,34EF5158-7A8B-4243-BFB2-030013C34A80_1_105_c.jpeg,34EF5158-7A8B-4243-BFB2-030013C34A80_1_105_c.jpeg,34EF5158-7A8B-4243-BFB2-030013C34A80_1_105_c.jpeg,34EF5158-7A8B-4243-BFB2-030013C34A80_1_105_c.jpeg,34EF5158-7A8B-4243-BFB2-030013C34A80_1_105_c.jpeg,34EF5158-7A8B-4243-BFB2-030013C34A80_1_105_c.jpeg,34EF5158-7A8B-4243-BFB2-030013C34A80_1_105_c.jpeg,34EF5158-7A8B-4243-BFB2-030013C34A80_1_105_c.jpeg,34EF5158-7A8B-4243-BFB2-030013C34A80_1_105_c.jpeg,34EF5158-7A8B-4243-BFB2-030013C34A80_1_105_c.jpeg, 34EF5158-7A8B-4243-BFB2-030013C34A80_1_105_c.jpeg
image 26/110 383ECFFE-9861-48AD-B0A3-1D86B82DBD20_1_105_c.jpeg,7 American Bistorts,Done. (0.261s),NA,NA,NA,NA,NA,383ECFFE-9861-48AD-B0A3-1D86B82DBD20_1_105_c.jpeg,383ECFFE-9861-48AD-B0A3-1D86B82DBD20_1_105_c.jpeg,383ECFFE-9861-48AD-B0A3-1D86B82DBD20_1_105_c.jpeg,383ECFFE-9861-48AD-B0A3-1D86B82DBD20_1_105_c.jpeg,383ECFFE-9861-48AD-B0A3-1D86B82DBD20_1_105_c.jpeg,383ECFFE-9861-48AD-B0A3-1D86B82DBD20_1_105_c.jpeg,383ECFFE-9861-48AD-B0A3-1D86B82DBD20_1_105_c.jpeg,383ECFFE-9861-48AD-B0A3-1D86B82DBD20_1_105_c.jpeg,383ECFFE-9861-48AD-B0A3-1D86B82DBD20_1_105_c.jpeg,383ECFFE-9861-48AD-B0A3-1D86B82DBD20_1_105_c.jpeg,383ECFFE-9861-48AD-B0A3-1D86B82DBD20_1_105_c.jpeg,383ECFFE-9861-48AD-B0A3-1D86B82DBD20_1_105_c.jpeg,383ECFFE-9861-48AD-B0A3-1D86B82DBD20_1_105_c.jpeg, 383ECFFE-9861-48AD-B0A3-1D86B82DBD20_1_105_c.jpeg
image 27/110 3FC73F2F-A0FB-47A3-80E4-54398E159B9E_1_105_c.jpeg,3 Western Anemones,8 American Bistorts,1 Magenta Paintbrush,1 Mountain Daisy,9 Sitka Valerians,9 Subalpine Lupines,Done. (0.262s),3FC73F2F-A0FB-47A3-80E4-54398E159B9E_1_105_c.jpeg,3FC73F2F-A0FB-47A3-80E4-54398E159B9E_1_105_c.jpeg,3FC73F2F-A0FB-47A3-80E4-54398E159B9E_1_105_c.jpeg,3FC73F2F-A0FB-47A3-80E4-54398E159B9E_1_105_c.jpeg,3FC73F2F-A0FB-47A3-80E4-54398E159B9E_1_105_c.jpeg,3FC73F2F-A0FB-47A3-80E4-54398E159B9E_1_105_c.jpeg,3FC73F2F-A0FB-47A3-80E4-54398E159B9E_1_105_c.jpeg,3FC73F2F-A0FB-47A3-80E4-54398E159B9E_1_105_c.jpeg,3FC73F2F-A0FB-47A3-80E4-54398E159B9E_1_105_c.jpeg,3FC73F2F-A0FB-47A3-80E4-54398E159B9E_1_105_c.jpeg,3FC73F2F-A0FB-47A3-80E4-54398E159B9E_1_105_c.jpeg,3FC73F2F-A0FB-47A3-80E4-54398E159B9E_1_105_c.jpeg,3FC73F2F-A0FB-47A3-80E4-54398E159B9E_1_105_c.jpeg, 3FC73F2F-A0FB-47A3-80E4-54398E159B9E_1_105_c.jpeg
image 28/110 41C69D42-C8AF-443A-9A50-CCFF3A093BFE_1_105_c.jpeg,Done. (0.259s),NA,NA,NA,NA,NA,NA,41C69D42-C8AF-443A-9A50-CCFF3A093BFE_1_105_c.jpeg,41C69D42-C8AF-443A-9A50-CCFF3A093BFE_1_105_c.jpeg,41C69D42-C8AF-443A-9A50-CCFF3A093BFE_1_105_c.jpeg,41C69D42-C8AF-443A-9A50-CCFF3A093BFE_1_105_c.jpeg,41C69D42-C8AF-443A-9A50-CCFF3A093BFE_1_105_c.jpeg,41C69D42-C8AF-443A-9A50-CCFF3A093BFE_1_105_c.jpeg,41C69D42-C8AF-443A-9A50-CCFF3A093BFE_1_105_c.jpeg,41C69D42-C8AF-443A-9A50-CCFF3A093BFE_1_105_c.jpeg,41C69D42-C8AF-443A-9A50-CCFF3A093BFE_1_105_c.jpeg,41C69D42-C8AF-443A-9A50-CCFF3A093BFE_1_105_c.jpeg,41C69D42-C8AF-443A-9A50-CCFF3A093BFE_1_105_c.jpeg,41C69D42-C8AF-443A-9A50-CCFF3A093BFE_1_105_c.jpeg,41C69D42-C8AF-443A-9A50-CCFF3A093BFE_1_105_c.jpeg, 41C69D42-C8AF-443A-9A50-CCFF3A093BFE_1_105_c.jpeg
image 29/110 420CA8F7-5AFE-4190-8441-1751F54EC605_1_105_c.jpeg,1 Mountain Daisy,Done. (0.258s),NA,NA,NA,NA,NA,420CA8F7-5AFE-4190-8441-1751F54EC605_1_105_c.jpeg,420CA8F7-5AFE-4190-8441-1751F54EC605_1_105_c.jpeg,420CA8F7-5AFE-4190-8441-1751F54EC605_1_105_c.jpeg,420CA8F7-5AFE-4190-8441-1751F54EC605_1_105_c.jpeg,420CA8F7-5AFE-4190-8441-1751F54EC605_1_105_c.jpeg,420CA8F7-5AFE-4190-8441-1751F54EC605_1_105_c.jpeg,420CA8F7-5AFE-4190-8441-1751F54EC605_1_105_c.jpeg,420CA8F7-5AFE-4190-8441-1751F54EC605_1_105_c.jpeg,420CA8F7-5AFE-4190-8441-1751F54EC605_1_105_c.jpeg,420CA8F7-5AFE-4190-8441-1751F54EC605_1_105_c.jpeg,420CA8F7-5AFE-4190-8441-1751F54EC605_1_105_c.jpeg,420CA8F7-5AFE-4190-8441-1751F54EC605_1_105_c.jpeg,420CA8F7-5AFE-4190-8441-1751F54EC605_1_105_c.jpeg, 420CA8F7-5AFE-4190-8441-1751F54EC605_1_105_c.jpeg
image 30/110 42AE5896-8D2D-4DA9-82BB-1B861F6EA781_1_105_c.jpeg,1 Sitka Valerian,Done. (0.259s),NA,NA,NA,NA,NA,42AE5896-8D2D-4DA9-82BB-1B861F6EA781_1_105_c.jpeg,42AE5896-8D2D-4DA9-82BB-1B861F6EA781_1_105_c.jpeg,42AE5896-8D2D-4DA9-82BB-1B861F6EA781_1_105_c.jpeg,42AE5896-8D2D-4DA9-82BB-1B861F6EA781_1_105_c.jpeg,42AE5896-8D2D-4DA9-82BB-1B861F6EA781_1_105_c.jpeg,42AE5896-8D2D-4DA9-82BB-1B861F6EA781_1_105_c.jpeg,42AE5896-8D2D-4DA9-82BB-1B861F6EA781_1_105_c.jpeg,42AE5896-8D2D-4DA9-82BB-1B861F6EA781_1_105_c.jpeg,42AE5896-8D2D-4DA9-82BB-1B861F6EA781_1_105_c.jpeg,42AE5896-8D2D-4DA9-82BB-1B861F6EA781_1_105_c.jpeg,42AE5896-8D2D-4DA9-82BB-1B861F6EA781_1_105_c.jpeg,42AE5896-8D2D-4DA9-82BB-1B861F6EA781_1_105_c.jpeg,42AE5896-8D2D-4DA9-82BB-1B861F6EA781_1_105_c.jpeg, 42AE5896-8D2D-4DA9-82BB-1B861F6EA781_1_105_c.jpeg
image 31/110 4B81CA15-6A26-42D5-9D59-BD319A8756F9_1_105_c.jpeg,5 Western Anemones,17 American Bistorts,5 Bracted Louseworts,15 Magenta Paintbrushs,9 Mountain Daisys,5 Sitka Valerians,13 Subalpine Lupines,4B81CA15-6A26-42D5-9D59-BD319A8756F9_1_105_c.jpeg,4B81CA15-6A26-42D5-9D59-BD319A8756F9_1_105_c.jpeg,4B81CA15-6A26-42D5-9D59-BD319A8756F9_1_105_c.jpeg,4B81CA15-6A26-42D5-9D59-BD319A8756F9_1_105_c.jpeg,4B81CA15-6A26-42D5-9D59-BD319A8756F9_1_105_c.jpeg,4B81CA15-6A26-42D5-9D59-BD319A8756F9_1_105_c.jpeg,4B81CA15-6A26-42D5-9D59-BD319A8756F9_1_105_c.jpeg,4B81CA15-6A26-42D5-9D59-BD319A8756F9_1_105_c.jpeg,4B81CA15-6A26-42D5-9D59-BD319A8756F9_1_105_c.jpeg,4B81CA15-6A26-42D5-9D59-BD319A8756F9_1_105_c.jpeg,4B81CA15-6A26-42D5-9D59-BD319A8756F9_1_105_c.jpeg,4B81CA15-6A26-42D5-9D59-BD319A8756F9_1_105_c.jpeg,4B81CA15-6A26-42D5-9D59-BD319A8756F9_1_105_c.jpeg, 4B81CA15-6A26-42D5-9D59-BD319A8756F9_1_105_c.jpeg
image 32/110 4BDDF544-950A-4D97-B85F-EFAB2C0F0029_1_105_c.jpeg,1 American Bistort,Done. (0.261s),NA,NA,NA,NA,NA,4BDDF544-950A-4D97-B85F-EFAB2C0F0029_1_105_c.jpeg,4BDDF544-950A-4D97-B85F-EFAB2C0F0029_1_105_c.jpeg,4BDDF544-950A-4D97-B85F-EFAB2C0F0029_1_105_c.jpeg,4BDDF544-950A-4D97-B85F-EFAB2C0F0029_1_105_c.jpeg,4BDDF544-950A-4D97-B85F-EFAB2C0F0029_1_105_c.jpeg,4BDDF544-950A-4D97-B85F-EFAB2C0F0029_1_105_c.jpeg,4BDDF544-950A-4D97-B85F-EFAB2C0F0029_1_105_c.jpeg,4BDDF544-950A-4D97-B85F-EFAB2C0F0029_1_105_c.jpeg,4BDDF544-950A-4D97-B85F-EFAB2C0F0029_1_105_c.jpeg,4BDDF544-950A-4D97-B85F-EFAB2C0F0029_1_105_c.jpeg,4BDDF544-950A-4D97-B85F-EFAB2C0F0029_1_105_c.jpeg,4BDDF544-950A-4D97-B85F-EFAB2C0F0029_1_105_c.jpeg,4BDDF544-950A-4D97-B85F-EFAB2C0F0029_1_105_c.jpeg, 4BDDF544-950A-4D97-B85F-EFAB2C0F0029_1_105_c.jpeg
image 33/110 4D7A1169-3072-4823-A0C1-F2D501CFE8D0_1_105_c.jpeg,3 American Bistorts,2 Subalpine Lupines,Done. (0.259s),NA,NA,NA,NA,4D7A1169-3072-4823-A0C1-F2D501CFE8D0_1_105_c.jpeg,4D7A1169-3072-4823-A0C1-F2D501CFE8D0_1_105_c.jpeg,4D7A1169-3072-4823-A0C1-F2D501CFE8D0_1_105_c.jpeg,4D7A1169-3072-4823-A0C1-F2D501CFE8D0_1_105_c.jpeg,4D7A1169-3072-4823-A0C1-F2D501CFE8D0_1_105_c.jpeg,4D7A1169-3072-4823-A0C1-F2D501CFE8D0_1_105_c.jpeg,4D7A1169-3072-4823-A0C1-F2D501CFE8D0_1_105_c.jpeg,4D7A1169-3072-4823-A0C1-F2D501CFE8D0_1_105_c.jpeg,4D7A1169-3072-4823-A0C1-F2D501CFE8D0_1_105_c.jpeg,4D7A1169-3072-4823-A0C1-F2D501CFE8D0_1_105_c.jpeg,4D7A1169-3072-4823-A0C1-F2D501CFE8D0_1_105_c.jpeg,4D7A1169-3072-4823-A0C1-F2D501CFE8D0_1_105_c.jpeg,4D7A1169-3072-4823-A0C1-F2D501CFE8D0_1_105_c.jpeg, 4D7A1169-3072-4823-A0C1-F2D501CFE8D0_1_105_c.jpeg
image 34/110 4FEAC42F-A7E5-4D4D-A587-81E009B0451F_1_105_c.jpeg,Done. (0.259s),NA,NA,NA,NA,NA,NA,4FEAC42F-A7E5-4D4D-A587-81E009B0451F_1_105_c.jpeg,4FEAC42F-A7E5-4D4D-A587-81E009B0451F_1_105_c.jpeg,4FEAC42F-A7E5-4D4D-A587-81E009B0451F_1_105_c.jpeg,4FEAC42F-A7E5-4D4D-A587-81E009B0451F_1_105_c.jpeg,4FEAC42F-A7E5-4D4D-A587-81E009B0451F_1_105_c.jpeg,4FEAC42F-A7E5-4D4D-A587-81E009B0451F_1_105_c.jpeg,4FEAC42F-A7E5-4D4D-A587-81E009B0451F_1_105_c.jpeg,4FEAC42F-A7E5-4D4D-A587-81E009B0451F_1_105_c.jpeg,4FEAC42F-A7E5-4D4D-A587-81E009B0451F_1_105_c.jpeg,4FEAC42F-A7E5-4D4D-A587-81E009B0451F_1_105_c.jpeg,4FEAC42F-A7E5-4D4D-A587-81E009B0451F_1_105_c.jpeg,4FEAC42F-A7E5-4D4D-A587-81E009B0451F_1_105_c.jpeg,4FEAC42F-A7E5-4D4D-A587-81E009B0451F_1_105_c.jpeg, 4FEAC42F-A7E5-4D4D-A587-81E009B0451F_1_105_c.jpeg
image 35/110 506C004C-FAEF-4890-B05D-B555A914F689_1_105_c.jpeg,17 American Bistorts,3 Magenta Paintbrushs,6 Mountain Daisys,3 Sitka Valerians,1 Sharptooth Angelica,7 Broadleaf Arnicas,Done. (0.253s),506C004C-FAEF-4890-B05D-B555A914F689_1_105_c.jpeg,506C004C-FAEF-4890-B05D-B555A914F689_1_105_c.jpeg,506C004C-FAEF-4890-B05D-B555A914F689_1_105_c.jpeg,506C004C-FAEF-4890-B05D-B555A914F689_1_105_c.jpeg,506C004C-FAEF-4890-B05D-B555A914F689_1_105_c.jpeg,506C004C-FAEF-4890-B05D-B555A914F689_1_105_c.jpeg,506C004C-FAEF-4890-B05D-B555A914F689_1_105_c.jpeg,506C004C-FAEF-4890-B05D-B555A914F689_1_105_c.jpeg,506C004C-FAEF-4890-B05D-B555A914F689_1_105_c.jpeg,506C004C-FAEF-4890-B05D-B555A914F689_1_105_c.jpeg,506C004C-FAEF-4890-B05D-B555A914F689_1_105_c.jpeg,506C004C-FAEF-4890-B05D-B555A914F689_1_105_c.jpeg,506C004C-FAEF-4890-B05D-B555A914F689_1_105_c.jpeg, 506C004C-FAEF-4890-B05D-B555A914F689_1_105_c.jpeg
image 36/110 569B5208-6D00-4F7A-B037-8170D45F9310_1_105_c.jpeg,5 Western Anemones,5 American Bistorts,1 Bracted Lousewort,2 Magenta Paintbrushs,2 Mountain Daisys,37 Subalpine Lupines,Done. (0.266s),569B5208-6D00-4F7A-B037-8170D45F9310_1_105_c.jpeg,569B5208-6D00-4F7A-B037-8170D45F9310_1_105_c.jpeg,569B5208-6D00-4F7A-B037-8170D45F9310_1_105_c.jpeg,569B5208-6D00-4F7A-B037-8170D45F9310_1_105_c.jpeg,569B5208-6D00-4F7A-B037-8170D45F9310_1_105_c.jpeg,569B5208-6D00-4F7A-B037-8170D45F9310_1_105_c.jpeg,569B5208-6D00-4F7A-B037-8170D45F9310_1_105_c.jpeg,569B5208-6D00-4F7A-B037-8170D45F9310_1_105_c.jpeg,569B5208-6D00-4F7A-B037-8170D45F9310_1_105_c.jpeg,569B5208-6D00-4F7A-B037-8170D45F9310_1_105_c.jpeg,569B5208-6D00-4F7A-B037-8170D45F9310_1_105_c.jpeg,569B5208-6D00-4F7A-B037-8170D45F9310_1_105_c.jpeg,569B5208-6D00-4F7A-B037-8170D45F9310_1_105_c.jpeg, 569B5208-6D00-4F7A-B037-8170D45F9310_1_105_c.jpeg
image 37/110 583F5F33-9B72-40D2-8290-333496DE119E_1_105_c.jpeg,23 Mountain Daisys,Done. (0.258s),NA,NA,NA,NA,NA,583F5F33-9B72-40D2-8290-333496DE119E_1_105_c.jpeg,583F5F33-9B72-40D2-8290-333496DE119E_1_105_c.jpeg,583F5F33-9B72-40D2-8290-333496DE119E_1_105_c.jpeg,583F5F33-9B72-40D2-8290-333496DE119E_1_105_c.jpeg,583F5F33-9B72-40D2-8290-333496DE119E_1_105_c.jpeg,583F5F33-9B72-40D2-8290-333496DE119E_1_105_c.jpeg,583F5F33-9B72-40D2-8290-333496DE119E_1_105_c.jpeg,583F5F33-9B72-40D2-8290-333496DE119E_1_105_c.jpeg,583F5F33-9B72-40D2-8290-333496DE119E_1_105_c.jpeg,583F5F33-9B72-40D2-8290-333496DE119E_1_105_c.jpeg,583F5F33-9B72-40D2-8290-333496DE119E_1_105_c.jpeg,583F5F33-9B72-40D2-8290-333496DE119E_1_105_c.jpeg,583F5F33-9B72-40D2-8290-333496DE119E_1_105_c.jpeg, 583F5F33-9B72-40D2-8290-333496DE119E_1_105_c.jpeg
image 38/110 589860C9-CF41-4053-8F12-92D8B66A6D75_1_105_c.jpeg,Done. (0.257s),NA,NA,NA,NA,NA,NA,589860C9-CF41-4053-8F12-92D8B66A6D75_1_105_c.jpeg,589860C9-CF41-4053-8F12-92D8B66A6D75_1_105_c.jpeg,589860C9-CF41-4053-8F12-92D8B66A6D75_1_105_c.jpeg,589860C9-CF41-4053-8F12-92D8B66A6D75_1_105_c.jpeg,589860C9-CF41-4053-8F12-92D8B66A6D75_1_105_c.jpeg,589860C9-CF41-4053-8F12-92D8B66A6D75_1_105_c.jpeg,589860C9-CF41-4053-8F12-92D8B66A6D75_1_105_c.jpeg,589860C9-CF41-4053-8F12-92D8B66A6D75_1_105_c.jpeg,589860C9-CF41-4053-8F12-92D8B66A6D75_1_105_c.jpeg,589860C9-CF41-4053-8F12-92D8B66A6D75_1_105_c.jpeg,589860C9-CF41-4053-8F12-92D8B66A6D75_1_105_c.jpeg,589860C9-CF41-4053-8F12-92D8B66A6D75_1_105_c.jpeg,589860C9-CF41-4053-8F12-92D8B66A6D75_1_105_c.jpeg, 589860C9-CF41-4053-8F12-92D8B66A6D75_1_105_c.jpeg
image 39/110 59539BB6-2B53-43AE-AD7E-065CDCD3D2E6_1_105_c.jpeg,3 American Bistorts,27 Cascade Asters,Done. (0.255s),NA,NA,NA,NA,59539BB6-2B53-43AE-AD7E-065CDCD3D2E6_1_105_c.jpeg,59539BB6-2B53-43AE-AD7E-065CDCD3D2E6_1_105_c.jpeg,59539BB6-2B53-43AE-AD7E-065CDCD3D2E6_1_105_c.jpeg,59539BB6-2B53-43AE-AD7E-065CDCD3D2E6_1_105_c.jpeg,59539BB6-2B53-43AE-AD7E-065CDCD3D2E6_1_105_c.jpeg,59539BB6-2B53-43AE-AD7E-065CDCD3D2E6_1_105_c.jpeg,59539BB6-2B53-43AE-AD7E-065CDCD3D2E6_1_105_c.jpeg,59539BB6-2B53-43AE-AD7E-065CDCD3D2E6_1_105_c.jpeg,59539BB6-2B53-43AE-AD7E-065CDCD3D2E6_1_105_c.jpeg,59539BB6-2B53-43AE-AD7E-065CDCD3D2E6_1_105_c.jpeg,59539BB6-2B53-43AE-AD7E-065CDCD3D2E6_1_105_c.jpeg,59539BB6-2B53-43AE-AD7E-065CDCD3D2E6_1_105_c.jpeg,59539BB6-2B53-43AE-AD7E-065CDCD3D2E6_1_105_c.jpeg, 59539BB6-2B53-43AE-AD7E-065CDCD3D2E6_1_105_c.jpeg
image 40/110 5D332490-864B-444C-B151-34F481E6FB85_1_105_c.jpeg,1 American Bistort,Done. (0.259s),NA,NA,NA,NA,NA,5D332490-864B-444C-B151-34F481E6FB85_1_105_c.jpeg,5D332490-864B-444C-B151-34F481E6FB85_1_105_c.jpeg,5D332490-864B-444C-B151-34F481E6FB85_1_105_c.jpeg,5D332490-864B-444C-B151-34F481E6FB85_1_105_c.jpeg,5D332490-864B-444C-B151-34F481E6FB85_1_105_c.jpeg,5D332490-864B-444C-B151-34F481E6FB85_1_105_c.jpeg,5D332490-864B-444C-B151-34F481E6FB85_1_105_c.jpeg,5D332490-864B-444C-B151-34F481E6FB85_1_105_c.jpeg,5D332490-864B-444C-B151-34F481E6FB85_1_105_c.jpeg,5D332490-864B-444C-B151-34F481E6FB85_1_105_c.jpeg,5D332490-864B-444C-B151-34F481E6FB85_1_105_c.jpeg,5D332490-864B-444C-B151-34F481E6FB85_1_105_c.jpeg,5D332490-864B-444C-B151-34F481E6FB85_1_105_c.jpeg, 5D332490-864B-444C-B151-34F481E6FB85_1_105_c.jpeg
image 41/110 5D96572D-C7B1-4F38-BE46-E2FC36A56B74_1_105_c.jpeg,28 American Bistorts,6 Magenta Paintbrushs,15 Mountain Daisys,22 Sitka Valerians,3 Subalpine Lupines,Done. (0.258s),NA,5D96572D-C7B1-4F38-BE46-E2FC36A56B74_1_105_c.jpeg,5D96572D-C7B1-4F38-BE46-E2FC36A56B74_1_105_c.jpeg,5D96572D-C7B1-4F38-BE46-E2FC36A56B74_1_105_c.jpeg,5D96572D-C7B1-4F38-BE46-E2FC36A56B74_1_105_c.jpeg,5D96572D-C7B1-4F38-BE46-E2FC36A56B74_1_105_c.jpeg,5D96572D-C7B1-4F38-BE46-E2FC36A56B74_1_105_c.jpeg,5D96572D-C7B1-4F38-BE46-E2FC36A56B74_1_105_c.jpeg,5D96572D-C7B1-4F38-BE46-E2FC36A56B74_1_105_c.jpeg,5D96572D-C7B1-4F38-BE46-E2FC36A56B74_1_105_c.jpeg,5D96572D-C7B1-4F38-BE46-E2FC36A56B74_1_105_c.jpeg,5D96572D-C7B1-4F38-BE46-E2FC36A56B74_1_105_c.jpeg,5D96572D-C7B1-4F38-BE46-E2FC36A56B74_1_105_c.jpeg,5D96572D-C7B1-4F38-BE46-E2FC36A56B74_1_105_c.jpeg, 5D96572D-C7B1-4F38-BE46-E2FC36A56B74_1_105_c.jpeg
image 42/110 5EF49FF0-DD30-45C6-B258-D032964A325C_1_105_c.jpeg,1 American Bistort,46 Subalpine Lupines,Done. (0.258s),NA,NA,NA,NA,5EF49FF0-DD30-45C6-B258-D032964A325C_1_105_c.jpeg,5EF49FF0-DD30-45C6-B258-D032964A325C_1_105_c.jpeg,5EF49FF0-DD30-45C6-B258-D032964A325C_1_105_c.jpeg,5EF49FF0-DD30-45C6-B258-D032964A325C_1_105_c.jpeg,5EF49FF0-DD30-45C6-B258-D032964A325C_1_105_c.jpeg,5EF49FF0-DD30-45C6-B258-D032964A325C_1_105_c.jpeg,5EF49FF0-DD30-45C6-B258-D032964A325C_1_105_c.jpeg,5EF49FF0-DD30-45C6-B258-D032964A325C_1_105_c.jpeg,5EF49FF0-DD30-45C6-B258-D032964A325C_1_105_c.jpeg,5EF49FF0-DD30-45C6-B258-D032964A325C_1_105_c.jpeg,5EF49FF0-DD30-45C6-B258-D032964A325C_1_105_c.jpeg,5EF49FF0-DD30-45C6-B258-D032964A325C_1_105_c.jpeg,5EF49FF0-DD30-45C6-B258-D032964A325C_1_105_c.jpeg, 5EF49FF0-DD30-45C6-B258-D032964A325C_1_105_c.jpeg
image 43/110 63E82789-DCC4-467B-8C23-57FFD4DAF9EE_1_105_c.jpeg,1 Subalpine Lupine,Done. (0.255s),NA,NA,NA,NA,NA,63E82789-DCC4-467B-8C23-57FFD4DAF9EE_1_105_c.jpeg,63E82789-DCC4-467B-8C23-57FFD4DAF9EE_1_105_c.jpeg,63E82789-DCC4-467B-8C23-57FFD4DAF9EE_1_105_c.jpeg,63E82789-DCC4-467B-8C23-57FFD4DAF9EE_1_105_c.jpeg,63E82789-DCC4-467B-8C23-57FFD4DAF9EE_1_105_c.jpeg,63E82789-DCC4-467B-8C23-57FFD4DAF9EE_1_105_c.jpeg,63E82789-DCC4-467B-8C23-57FFD4DAF9EE_1_105_c.jpeg,63E82789-DCC4-467B-8C23-57FFD4DAF9EE_1_105_c.jpeg,63E82789-DCC4-467B-8C23-57FFD4DAF9EE_1_105_c.jpeg,63E82789-DCC4-467B-8C23-57FFD4DAF9EE_1_105_c.jpeg,63E82789-DCC4-467B-8C23-57FFD4DAF9EE_1_105_c.jpeg,63E82789-DCC4-467B-8C23-57FFD4DAF9EE_1_105_c.jpeg,63E82789-DCC4-467B-8C23-57FFD4DAF9EE_1_105_c.jpeg, 63E82789-DCC4-467B-8C23-57FFD4DAF9EE_1_105_c.jpeg
image 44/110 647C1E8E-FBFB-4F1C-822F-B9739013FCC8_1_105_c.jpeg,Done. (0.260s),NA,NA,NA,NA,NA,NA,647C1E8E-FBFB-4F1C-822F-B9739013FCC8_1_105_c.jpeg,647C1E8E-FBFB-4F1C-822F-B9739013FCC8_1_105_c.jpeg,647C1E8E-FBFB-4F1C-822F-B9739013FCC8_1_105_c.jpeg,647C1E8E-FBFB-4F1C-822F-B9739013FCC8_1_105_c.jpeg,647C1E8E-FBFB-4F1C-822F-B9739013FCC8_1_105_c.jpeg,647C1E8E-FBFB-4F1C-822F-B9739013FCC8_1_105_c.jpeg,647C1E8E-FBFB-4F1C-822F-B9739013FCC8_1_105_c.jpeg,647C1E8E-FBFB-4F1C-822F-B9739013FCC8_1_105_c.jpeg,647C1E8E-FBFB-4F1C-822F-B9739013FCC8_1_105_c.jpeg,647C1E8E-FBFB-4F1C-822F-B9739013FCC8_1_105_c.jpeg,647C1E8E-FBFB-4F1C-822F-B9739013FCC8_1_105_c.jpeg,647C1E8E-FBFB-4F1C-822F-B9739013FCC8_1_105_c.jpeg,647C1E8E-FBFB-4F1C-822F-B9739013FCC8_1_105_c.jpeg, 647C1E8E-FBFB-4F1C-822F-B9739013FCC8_1_105_c.jpeg
image 45/110 68C34717-BBD3-44D9-A4F3-932A8DCFD6F4_1_105_c.jpeg,Done. (0.260s),NA,NA,NA,NA,NA,NA,68C34717-BBD3-44D9-A4F3-932A8DCFD6F4_1_105_c.jpeg,68C34717-BBD3-44D9-A4F3-932A8DCFD6F4_1_105_c.jpeg,68C34717-BBD3-44D9-A4F3-932A8DCFD6F4_1_105_c.jpeg,68C34717-BBD3-44D9-A4F3-932A8DCFD6F4_1_105_c.jpeg,68C34717-BBD3-44D9-A4F3-932A8DCFD6F4_1_105_c.jpeg,68C34717-BBD3-44D9-A4F3-932A8DCFD6F4_1_105_c.jpeg,68C34717-BBD3-44D9-A4F3-932A8DCFD6F4_1_105_c.jpeg,68C34717-BBD3-44D9-A4F3-932A8DCFD6F4_1_105_c.jpeg,68C34717-BBD3-44D9-A4F3-932A8DCFD6F4_1_105_c.jpeg,68C34717-BBD3-44D9-A4F3-932A8DCFD6F4_1_105_c.jpeg,68C34717-BBD3-44D9-A4F3-932A8DCFD6F4_1_105_c.jpeg,68C34717-BBD3-44D9-A4F3-932A8DCFD6F4_1_105_c.jpeg,68C34717-BBD3-44D9-A4F3-932A8DCFD6F4_1_105_c.jpeg, 68C34717-BBD3-44D9-A4F3-932A8DCFD6F4_1_105_c.jpeg
image 46/110 69D830CE-0499-41B2-B049-0A06013BFC1D_1_105_c.jpeg,1 Mountain Daisy,1 Sitka Valerian,1 Subalpine Lupine,16 Broadleaf Arnicas,Done. (0.255s),NA,NA,69D830CE-0499-41B2-B049-0A06013BFC1D_1_105_c.jpeg,69D830CE-0499-41B2-B049-0A06013BFC1D_1_105_c.jpeg,69D830CE-0499-41B2-B049-0A06013BFC1D_1_105_c.jpeg,69D830CE-0499-41B2-B049-0A06013BFC1D_1_105_c.jpeg,69D830CE-0499-41B2-B049-0A06013BFC1D_1_105_c.jpeg,69D830CE-0499-41B2-B049-0A06013BFC1D_1_105_c.jpeg,69D830CE-0499-41B2-B049-0A06013BFC1D_1_105_c.jpeg,69D830CE-0499-41B2-B049-0A06013BFC1D_1_105_c.jpeg,69D830CE-0499-41B2-B049-0A06013BFC1D_1_105_c.jpeg,69D830CE-0499-41B2-B049-0A06013BFC1D_1_105_c.jpeg,69D830CE-0499-41B2-B049-0A06013BFC1D_1_105_c.jpeg,69D830CE-0499-41B2-B049-0A06013BFC1D_1_105_c.jpeg,69D830CE-0499-41B2-B049-0A06013BFC1D_1_105_c.jpeg, 69D830CE-0499-41B2-B049-0A06013BFC1D_1_105_c.jpeg
image 47/110 6A268076-845B-4511-993F-16A27BAF6847_1_105_c.jpeg,6 Bracted Louseworts,4 Subalpine Lupines,Done. (0.257s),NA,NA,NA,NA,6A268076-845B-4511-993F-16A27BAF6847_1_105_c.jpeg,6A268076-845B-4511-993F-16A27BAF6847_1_105_c.jpeg,6A268076-845B-4511-993F-16A27BAF6847_1_105_c.jpeg,6A268076-845B-4511-993F-16A27BAF6847_1_105_c.jpeg,6A268076-845B-4511-993F-16A27BAF6847_1_105_c.jpeg,6A268076-845B-4511-993F-16A27BAF6847_1_105_c.jpeg,6A268076-845B-4511-993F-16A27BAF6847_1_105_c.jpeg,6A268076-845B-4511-993F-16A27BAF6847_1_105_c.jpeg,6A268076-845B-4511-993F-16A27BAF6847_1_105_c.jpeg,6A268076-845B-4511-993F-16A27BAF6847_1_105_c.jpeg,6A268076-845B-4511-993F-16A27BAF6847_1_105_c.jpeg,6A268076-845B-4511-993F-16A27BAF6847_1_105_c.jpeg,6A268076-845B-4511-993F-16A27BAF6847_1_105_c.jpeg, 6A268076-845B-4511-993F-16A27BAF6847_1_105_c.jpeg
image 48/110 6B4FBFEB-FDAE-4C78-8D67-5F887BA2BA0D_1_105_c.jpeg,7 Grays Lovages,18 Subalpine Lupines,1 Sharptooth Angelica,Done. (0.258s),NA,NA,NA,6B4FBFEB-FDAE-4C78-8D67-5F887BA2BA0D_1_105_c.jpeg,6B4FBFEB-FDAE-4C78-8D67-5F887BA2BA0D_1_105_c.jpeg,6B4FBFEB-FDAE-4C78-8D67-5F887BA2BA0D_1_105_c.jpeg,6B4FBFEB-FDAE-4C78-8D67-5F887BA2BA0D_1_105_c.jpeg,6B4FBFEB-FDAE-4C78-8D67-5F887BA2BA0D_1_105_c.jpeg,6B4FBFEB-FDAE-4C78-8D67-5F887BA2BA0D_1_105_c.jpeg,6B4FBFEB-FDAE-4C78-8D67-5F887BA2BA0D_1_105_c.jpeg,6B4FBFEB-FDAE-4C78-8D67-5F887BA2BA0D_1_105_c.jpeg,6B4FBFEB-FDAE-4C78-8D67-5F887BA2BA0D_1_105_c.jpeg,6B4FBFEB-FDAE-4C78-8D67-5F887BA2BA0D_1_105_c.jpeg,6B4FBFEB-FDAE-4C78-8D67-5F887BA2BA0D_1_105_c.jpeg,6B4FBFEB-FDAE-4C78-8D67-5F887BA2BA0D_1_105_c.jpeg,6B4FBFEB-FDAE-4C78-8D67-5F887BA2BA0D_1_105_c.jpeg, 6B4FBFEB-FDAE-4C78-8D67-5F887BA2BA0D_1_105_c.jpeg
image 49/110 6B5F69EC-3BFE-4576-8022-2D965309FC1F_1_105_c.jpeg,Done. (0.258s),NA,NA,NA,NA,NA,NA,6B5F69EC-3BFE-4576-8022-2D965309FC1F_1_105_c.jpeg,6B5F69EC-3BFE-4576-8022-2D965309FC1F_1_105_c.jpeg,6B5F69EC-3BFE-4576-8022-2D965309FC1F_1_105_c.jpeg,6B5F69EC-3BFE-4576-8022-2D965309FC1F_1_105_c.jpeg,6B5F69EC-3BFE-4576-8022-2D965309FC1F_1_105_c.jpeg,6B5F69EC-3BFE-4576-8022-2D965309FC1F_1_105_c.jpeg,6B5F69EC-3BFE-4576-8022-2D965309FC1F_1_105_c.jpeg,6B5F69EC-3BFE-4576-8022-2D965309FC1F_1_105_c.jpeg,6B5F69EC-3BFE-4576-8022-2D965309FC1F_1_105_c.jpeg,6B5F69EC-3BFE-4576-8022-2D965309FC1F_1_105_c.jpeg,6B5F69EC-3BFE-4576-8022-2D965309FC1F_1_105_c.jpeg,6B5F69EC-3BFE-4576-8022-2D965309FC1F_1_105_c.jpeg,6B5F69EC-3BFE-4576-8022-2D965309FC1F_1_105_c.jpeg, 6B5F69EC-3BFE-4576-8022-2D965309FC1F_1_105_c.jpeg
image 50/110 6BEDCB9C-F785-40F0-B015-D22979F69BAE_1_105_c.jpeg,3 American Bistorts,3 Bracted Louseworts,1 Grays Lovage,2 Magenta Paintbrushs,1 Sitka Valerian,31 Subalpine Lupines,Done. (0.257s),6BEDCB9C-F785-40F0-B015-D22979F69BAE_1_105_c.jpeg,6BEDCB9C-F785-40F0-B015-D22979F69BAE_1_105_c.jpeg,6BEDCB9C-F785-40F0-B015-D22979F69BAE_1_105_c.jpeg,6BEDCB9C-F785-40F0-B015-D22979F69BAE_1_105_c.jpeg,6BEDCB9C-F785-40F0-B015-D22979F69BAE_1_105_c.jpeg,6BEDCB9C-F785-40F0-B015-D22979F69BAE_1_105_c.jpeg,6BEDCB9C-F785-40F0-B015-D22979F69BAE_1_105_c.jpeg,6BEDCB9C-F785-40F0-B015-D22979F69BAE_1_105_c.jpeg,6BEDCB9C-F785-40F0-B015-D22979F69BAE_1_105_c.jpeg,6BEDCB9C-F785-40F0-B015-D22979F69BAE_1_105_c.jpeg,6BEDCB9C-F785-40F0-B015-D22979F69BAE_1_105_c.jpeg,6BEDCB9C-F785-40F0-B015-D22979F69BAE_1_105_c.jpeg,6BEDCB9C-F785-40F0-B015-D22979F69BAE_1_105_c.jpeg, 6BEDCB9C-F785-40F0-B015-D22979F69BAE_1_105_c.jpeg
image 51/110 6F52B7CC-F069-4088-9D7A-F30CBDD1C452_1_105_c.jpeg,10 American Bistorts,54 Subalpine Lupines,Done. (0.259s),NA,NA,NA,NA,6F52B7CC-F069-4088-9D7A-F30CBDD1C452_1_105_c.jpeg,6F52B7CC-F069-4088-9D7A-F30CBDD1C452_1_105_c.jpeg,6F52B7CC-F069-4088-9D7A-F30CBDD1C452_1_105_c.jpeg,6F52B7CC-F069-4088-9D7A-F30CBDD1C452_1_105_c.jpeg,6F52B7CC-F069-4088-9D7A-F30CBDD1C452_1_105_c.jpeg,6F52B7CC-F069-4088-9D7A-F30CBDD1C452_1_105_c.jpeg,6F52B7CC-F069-4088-9D7A-F30CBDD1C452_1_105_c.jpeg,6F52B7CC-F069-4088-9D7A-F30CBDD1C452_1_105_c.jpeg,6F52B7CC-F069-4088-9D7A-F30CBDD1C452_1_105_c.jpeg,6F52B7CC-F069-4088-9D7A-F30CBDD1C452_1_105_c.jpeg,6F52B7CC-F069-4088-9D7A-F30CBDD1C452_1_105_c.jpeg,6F52B7CC-F069-4088-9D7A-F30CBDD1C452_1_105_c.jpeg,6F52B7CC-F069-4088-9D7A-F30CBDD1C452_1_105_c.jpeg, 6F52B7CC-F069-4088-9D7A-F30CBDD1C452_1_105_c.jpeg
image 52/110 77ECC8A5-D375-4660-8807-C8CAA26C4BBA_1_105_c.jpeg,Done. (0.259s),NA,NA,NA,NA,NA,NA,77ECC8A5-D375-4660-8807-C8CAA26C4BBA_1_105_c.jpeg,77ECC8A5-D375-4660-8807-C8CAA26C4BBA_1_105_c.jpeg,77ECC8A5-D375-4660-8807-C8CAA26C4BBA_1_105_c.jpeg,77ECC8A5-D375-4660-8807-C8CAA26C4BBA_1_105_c.jpeg,77ECC8A5-D375-4660-8807-C8CAA26C4BBA_1_105_c.jpeg,77ECC8A5-D375-4660-8807-C8CAA26C4BBA_1_105_c.jpeg,77ECC8A5-D375-4660-8807-C8CAA26C4BBA_1_105_c.jpeg,77ECC8A5-D375-4660-8807-C8CAA26C4BBA_1_105_c.jpeg,77ECC8A5-D375-4660-8807-C8CAA26C4BBA_1_105_c.jpeg,77ECC8A5-D375-4660-8807-C8CAA26C4BBA_1_105_c.jpeg,77ECC8A5-D375-4660-8807-C8CAA26C4BBA_1_105_c.jpeg,77ECC8A5-D375-4660-8807-C8CAA26C4BBA_1_105_c.jpeg,77ECC8A5-D375-4660-8807-C8CAA26C4BBA_1_105_c.jpeg, 77ECC8A5-D375-4660-8807-C8CAA26C4BBA_1_105_c.jpeg
image 53/110 78EB4BAB-C2A2-4D69-9C1A-B94F6DCBB9F1_1_105_c.jpeg,2 Sitka Valerians,17 Subalpine Lupines,Done. (0.255s),NA,NA,NA,NA,78EB4BAB-C2A2-4D69-9C1A-B94F6DCBB9F1_1_105_c.jpeg,78EB4BAB-C2A2-4D69-9C1A-B94F6DCBB9F1_1_105_c.jpeg,78EB4BAB-C2A2-4D69-9C1A-B94F6DCBB9F1_1_105_c.jpeg,78EB4BAB-C2A2-4D69-9C1A-B94F6DCBB9F1_1_105_c.jpeg,78EB4BAB-C2A2-4D69-9C1A-B94F6DCBB9F1_1_105_c.jpeg,78EB4BAB-C2A2-4D69-9C1A-B94F6DCBB9F1_1_105_c.jpeg,78EB4BAB-C2A2-4D69-9C1A-B94F6DCBB9F1_1_105_c.jpeg,78EB4BAB-C2A2-4D69-9C1A-B94F6DCBB9F1_1_105_c.jpeg,78EB4BAB-C2A2-4D69-9C1A-B94F6DCBB9F1_1_105_c.jpeg,78EB4BAB-C2A2-4D69-9C1A-B94F6DCBB9F1_1_105_c.jpeg,78EB4BAB-C2A2-4D69-9C1A-B94F6DCBB9F1_1_105_c.jpeg,78EB4BAB-C2A2-4D69-9C1A-B94F6DCBB9F1_1_105_c.jpeg,78EB4BAB-C2A2-4D69-9C1A-B94F6DCBB9F1_1_105_c.jpeg, 78EB4BAB-C2A2-4D69-9C1A-B94F6DCBB9F1_1_105_c.jpeg
image 54/110 7A521AFE-6D94-47E1-B1B7-A3D7032C0496_1_105_c.jpeg,6 American Bistorts,1 Bracted Lousewort,3 Magenta Paintbrushs,29 Subalpine Lupines,Done. (0.260s),NA,NA,7A521AFE-6D94-47E1-B1B7-A3D7032C0496_1_105_c.jpeg,7A521AFE-6D94-47E1-B1B7-A3D7032C0496_1_105_c.jpeg,7A521AFE-6D94-47E1-B1B7-A3D7032C0496_1_105_c.jpeg,7A521AFE-6D94-47E1-B1B7-A3D7032C0496_1_105_c.jpeg,7A521AFE-6D94-47E1-B1B7-A3D7032C0496_1_105_c.jpeg,7A521AFE-6D94-47E1-B1B7-A3D7032C0496_1_105_c.jpeg,7A521AFE-6D94-47E1-B1B7-A3D7032C0496_1_105_c.jpeg,7A521AFE-6D94-47E1-B1B7-A3D7032C0496_1_105_c.jpeg,7A521AFE-6D94-47E1-B1B7-A3D7032C0496_1_105_c.jpeg,7A521AFE-6D94-47E1-B1B7-A3D7032C0496_1_105_c.jpeg,7A521AFE-6D94-47E1-B1B7-A3D7032C0496_1_105_c.jpeg,7A521AFE-6D94-47E1-B1B7-A3D7032C0496_1_105_c.jpeg,7A521AFE-6D94-47E1-B1B7-A3D7032C0496_1_105_c.jpeg, 7A521AFE-6D94-47E1-B1B7-A3D7032C0496_1_105_c.jpeg
image 55/110 7CFB6071-AFE8-43A9-859F-C5FBAC420649_1_105_c.jpeg,1 American Bistort,2 Bracted Louseworts,10 Magenta Paintbrushs,2 Mountain Daisys,4 Subalpine Lupines,4 Broadleaf Arnicas,Done. (0.257s),7CFB6071-AFE8-43A9-859F-C5FBAC420649_1_105_c.jpeg,7CFB6071-AFE8-43A9-859F-C5FBAC420649_1_105_c.jpeg,7CFB6071-AFE8-43A9-859F-C5FBAC420649_1_105_c.jpeg,7CFB6071-AFE8-43A9-859F-C5FBAC420649_1_105_c.jpeg,7CFB6071-AFE8-43A9-859F-C5FBAC420649_1_105_c.jpeg,7CFB6071-AFE8-43A9-859F-C5FBAC420649_1_105_c.jpeg,7CFB6071-AFE8-43A9-859F-C5FBAC420649_1_105_c.jpeg,7CFB6071-AFE8-43A9-859F-C5FBAC420649_1_105_c.jpeg,7CFB6071-AFE8-43A9-859F-C5FBAC420649_1_105_c.jpeg,7CFB6071-AFE8-43A9-859F-C5FBAC420649_1_105_c.jpeg,7CFB6071-AFE8-43A9-859F-C5FBAC420649_1_105_c.jpeg,7CFB6071-AFE8-43A9-859F-C5FBAC420649_1_105_c.jpeg,7CFB6071-AFE8-43A9-859F-C5FBAC420649_1_105_c.jpeg, 7CFB6071-AFE8-43A9-859F-C5FBAC420649_1_105_c.jpeg
image 56/110 7D6C2CDF-3879-48F3-83B5-D15F829165D5_1_105_c.jpeg,1 American Bistort,1 Grays Lovage,31 Subalpine Lupines,Done. (0.257s),NA,NA,NA,7D6C2CDF-3879-48F3-83B5-D15F829165D5_1_105_c.jpeg,7D6C2CDF-3879-48F3-83B5-D15F829165D5_1_105_c.jpeg,7D6C2CDF-3879-48F3-83B5-D15F829165D5_1_105_c.jpeg,7D6C2CDF-3879-48F3-83B5-D15F829165D5_1_105_c.jpeg,7D6C2CDF-3879-48F3-83B5-D15F829165D5_1_105_c.jpeg,7D6C2CDF-3879-48F3-83B5-D15F829165D5_1_105_c.jpeg,7D6C2CDF-3879-48F3-83B5-D15F829165D5_1_105_c.jpeg,7D6C2CDF-3879-48F3-83B5-D15F829165D5_1_105_c.jpeg,7D6C2CDF-3879-48F3-83B5-D15F829165D5_1_105_c.jpeg,7D6C2CDF-3879-48F3-83B5-D15F829165D5_1_105_c.jpeg,7D6C2CDF-3879-48F3-83B5-D15F829165D5_1_105_c.jpeg,7D6C2CDF-3879-48F3-83B5-D15F829165D5_1_105_c.jpeg,7D6C2CDF-3879-48F3-83B5-D15F829165D5_1_105_c.jpeg, 7D6C2CDF-3879-48F3-83B5-D15F829165D5_1_105_c.jpeg
image 57/110 7E51DF6E-A2BD-48AE-A311-D41F989CD190_1_105_c.jpeg,11 Mountain Daisys,3 Sitka Valerians,Done. (0.254s),NA,NA,NA,NA,7E51DF6E-A2BD-48AE-A311-D41F989CD190_1_105_c.jpeg,7E51DF6E-A2BD-48AE-A311-D41F989CD190_1_105_c.jpeg,7E51DF6E-A2BD-48AE-A311-D41F989CD190_1_105_c.jpeg,7E51DF6E-A2BD-48AE-A311-D41F989CD190_1_105_c.jpeg,7E51DF6E-A2BD-48AE-A311-D41F989CD190_1_105_c.jpeg,7E51DF6E-A2BD-48AE-A311-D41F989CD190_1_105_c.jpeg,7E51DF6E-A2BD-48AE-A311-D41F989CD190_1_105_c.jpeg,7E51DF6E-A2BD-48AE-A311-D41F989CD190_1_105_c.jpeg,7E51DF6E-A2BD-48AE-A311-D41F989CD190_1_105_c.jpeg,7E51DF6E-A2BD-48AE-A311-D41F989CD190_1_105_c.jpeg,7E51DF6E-A2BD-48AE-A311-D41F989CD190_1_105_c.jpeg,7E51DF6E-A2BD-48AE-A311-D41F989CD190_1_105_c.jpeg,7E51DF6E-A2BD-48AE-A311-D41F989CD190_1_105_c.jpeg, 7E51DF6E-A2BD-48AE-A311-D41F989CD190_1_105_c.jpeg
image 58/110 800F6AF0-48A7-45CE-9EC1-4451537D06CF_1_105_c.jpeg,Done. (0.256s),NA,NA,NA,NA,NA,NA,800F6AF0-48A7-45CE-9EC1-4451537D06CF_1_105_c.jpeg,800F6AF0-48A7-45CE-9EC1-4451537D06CF_1_105_c.jpeg,800F6AF0-48A7-45CE-9EC1-4451537D06CF_1_105_c.jpeg,800F6AF0-48A7-45CE-9EC1-4451537D06CF_1_105_c.jpeg,800F6AF0-48A7-45CE-9EC1-4451537D06CF_1_105_c.jpeg,800F6AF0-48A7-45CE-9EC1-4451537D06CF_1_105_c.jpeg,800F6AF0-48A7-45CE-9EC1-4451537D06CF_1_105_c.jpeg,800F6AF0-48A7-45CE-9EC1-4451537D06CF_1_105_c.jpeg,800F6AF0-48A7-45CE-9EC1-4451537D06CF_1_105_c.jpeg,800F6AF0-48A7-45CE-9EC1-4451537D06CF_1_105_c.jpeg,800F6AF0-48A7-45CE-9EC1-4451537D06CF_1_105_c.jpeg,800F6AF0-48A7-45CE-9EC1-4451537D06CF_1_105_c.jpeg,800F6AF0-48A7-45CE-9EC1-4451537D06CF_1_105_c.jpeg, 800F6AF0-48A7-45CE-9EC1-4451537D06CF_1_105_c.jpeg
image 59/110 8028A874-3DBD-4765-BE1C-1797396ADAB2_1_105_c.jpeg,Done. (0.253s),NA,NA,NA,NA,NA,NA,8028A874-3DBD-4765-BE1C-1797396ADAB2_1_105_c.jpeg,8028A874-3DBD-4765-BE1C-1797396ADAB2_1_105_c.jpeg,8028A874-3DBD-4765-BE1C-1797396ADAB2_1_105_c.jpeg,8028A874-3DBD-4765-BE1C-1797396ADAB2_1_105_c.jpeg,8028A874-3DBD-4765-BE1C-1797396ADAB2_1_105_c.jpeg,8028A874-3DBD-4765-BE1C-1797396ADAB2_1_105_c.jpeg,8028A874-3DBD-4765-BE1C-1797396ADAB2_1_105_c.jpeg,8028A874-3DBD-4765-BE1C-1797396ADAB2_1_105_c.jpeg,8028A874-3DBD-4765-BE1C-1797396ADAB2_1_105_c.jpeg,8028A874-3DBD-4765-BE1C-1797396ADAB2_1_105_c.jpeg,8028A874-3DBD-4765-BE1C-1797396ADAB2_1_105_c.jpeg,8028A874-3DBD-4765-BE1C-1797396ADAB2_1_105_c.jpeg,8028A874-3DBD-4765-BE1C-1797396ADAB2_1_105_c.jpeg, 8028A874-3DBD-4765-BE1C-1797396ADAB2_1_105_c.jpeg
image 60/110 82BE717B-4364-47A4-8279-0C1174D407E6_1_105_c.jpeg,10 Western Anemones,15 American Bistorts,4 Mountain Daisys,2 Sitka Valerians,2 Subalpine Lupines,Done. (0.267s),NA,82BE717B-4364-47A4-8279-0C1174D407E6_1_105_c.jpeg,82BE717B-4364-47A4-8279-0C1174D407E6_1_105_c.jpeg,82BE717B-4364-47A4-8279-0C1174D407E6_1_105_c.jpeg,82BE717B-4364-47A4-8279-0C1174D407E6_1_105_c.jpeg,82BE717B-4364-47A4-8279-0C1174D407E6_1_105_c.jpeg,82BE717B-4364-47A4-8279-0C1174D407E6_1_105_c.jpeg,82BE717B-4364-47A4-8279-0C1174D407E6_1_105_c.jpeg,82BE717B-4364-47A4-8279-0C1174D407E6_1_105_c.jpeg,82BE717B-4364-47A4-8279-0C1174D407E6_1_105_c.jpeg,82BE717B-4364-47A4-8279-0C1174D407E6_1_105_c.jpeg,82BE717B-4364-47A4-8279-0C1174D407E6_1_105_c.jpeg,82BE717B-4364-47A4-8279-0C1174D407E6_1_105_c.jpeg,82BE717B-4364-47A4-8279-0C1174D407E6_1_105_c.jpeg, 82BE717B-4364-47A4-8279-0C1174D407E6_1_105_c.jpeg
image 61/110 8397F38F-61E0-4A44-B56B-53878F7EF760_1_105_c.jpeg,Done. (0.258s),NA,NA,NA,NA,NA,NA,8397F38F-61E0-4A44-B56B-53878F7EF760_1_105_c.jpeg,8397F38F-61E0-4A44-B56B-53878F7EF760_1_105_c.jpeg,8397F38F-61E0-4A44-B56B-53878F7EF760_1_105_c.jpeg,8397F38F-61E0-4A44-B56B-53878F7EF760_1_105_c.jpeg,8397F38F-61E0-4A44-B56B-53878F7EF760_1_105_c.jpeg,8397F38F-61E0-4A44-B56B-53878F7EF760_1_105_c.jpeg,8397F38F-61E0-4A44-B56B-53878F7EF760_1_105_c.jpeg,8397F38F-61E0-4A44-B56B-53878F7EF760_1_105_c.jpeg,8397F38F-61E0-4A44-B56B-53878F7EF760_1_105_c.jpeg,8397F38F-61E0-4A44-B56B-53878F7EF760_1_105_c.jpeg,8397F38F-61E0-4A44-B56B-53878F7EF760_1_105_c.jpeg,8397F38F-61E0-4A44-B56B-53878F7EF760_1_105_c.jpeg,8397F38F-61E0-4A44-B56B-53878F7EF760_1_105_c.jpeg, 8397F38F-61E0-4A44-B56B-53878F7EF760_1_105_c.jpeg
image 62/110 83EE651E-4500-43F9-88F0-C44A93E2F4B7_1_105_c.jpeg,6 American Bistorts,31 Subalpine Lupines,Done. (0.264s),NA,NA,NA,NA,83EE651E-4500-43F9-88F0-C44A93E2F4B7_1_105_c.jpeg,83EE651E-4500-43F9-88F0-C44A93E2F4B7_1_105_c.jpeg,83EE651E-4500-43F9-88F0-C44A93E2F4B7_1_105_c.jpeg,83EE651E-4500-43F9-88F0-C44A93E2F4B7_1_105_c.jpeg,83EE651E-4500-43F9-88F0-C44A93E2F4B7_1_105_c.jpeg,83EE651E-4500-43F9-88F0-C44A93E2F4B7_1_105_c.jpeg,83EE651E-4500-43F9-88F0-C44A93E2F4B7_1_105_c.jpeg,83EE651E-4500-43F9-88F0-C44A93E2F4B7_1_105_c.jpeg,83EE651E-4500-43F9-88F0-C44A93E2F4B7_1_105_c.jpeg,83EE651E-4500-43F9-88F0-C44A93E2F4B7_1_105_c.jpeg,83EE651E-4500-43F9-88F0-C44A93E2F4B7_1_105_c.jpeg,83EE651E-4500-43F9-88F0-C44A93E2F4B7_1_105_c.jpeg,83EE651E-4500-43F9-88F0-C44A93E2F4B7_1_105_c.jpeg, 83EE651E-4500-43F9-88F0-C44A93E2F4B7_1_105_c.jpeg
image 63/110 867B9DB6-6318-40CA-9628-3A96B1FAB4C0_1_105_c.jpeg,1 Sitka Valerian,Done. (0.270s),NA,NA,NA,NA,NA,867B9DB6-6318-40CA-9628-3A96B1FAB4C0_1_105_c.jpeg,867B9DB6-6318-40CA-9628-3A96B1FAB4C0_1_105_c.jpeg,867B9DB6-6318-40CA-9628-3A96B1FAB4C0_1_105_c.jpeg,867B9DB6-6318-40CA-9628-3A96B1FAB4C0_1_105_c.jpeg,867B9DB6-6318-40CA-9628-3A96B1FAB4C0_1_105_c.jpeg,867B9DB6-6318-40CA-9628-3A96B1FAB4C0_1_105_c.jpeg,867B9DB6-6318-40CA-9628-3A96B1FAB4C0_1_105_c.jpeg,867B9DB6-6318-40CA-9628-3A96B1FAB4C0_1_105_c.jpeg,867B9DB6-6318-40CA-9628-3A96B1FAB4C0_1_105_c.jpeg,867B9DB6-6318-40CA-9628-3A96B1FAB4C0_1_105_c.jpeg,867B9DB6-6318-40CA-9628-3A96B1FAB4C0_1_105_c.jpeg,867B9DB6-6318-40CA-9628-3A96B1FAB4C0_1_105_c.jpeg,867B9DB6-6318-40CA-9628-3A96B1FAB4C0_1_105_c.jpeg, 867B9DB6-6318-40CA-9628-3A96B1FAB4C0_1_105_c.jpeg
image 64/110 87C8DC7A-C3D5-42EE-8930-CE8D0E87B545_1_105_c.jpeg,3 Western Anemones,3 American Bistorts,8 Mountain Daisys,Done. (0.262s),NA,NA,NA,87C8DC7A-C3D5-42EE-8930-CE8D0E87B545_1_105_c.jpeg,87C8DC7A-C3D5-42EE-8930-CE8D0E87B545_1_105_c.jpeg,87C8DC7A-C3D5-42EE-8930-CE8D0E87B545_1_105_c.jpeg,87C8DC7A-C3D5-42EE-8930-CE8D0E87B545_1_105_c.jpeg,87C8DC7A-C3D5-42EE-8930-CE8D0E87B545_1_105_c.jpeg,87C8DC7A-C3D5-42EE-8930-CE8D0E87B545_1_105_c.jpeg,87C8DC7A-C3D5-42EE-8930-CE8D0E87B545_1_105_c.jpeg,87C8DC7A-C3D5-42EE-8930-CE8D0E87B545_1_105_c.jpeg,87C8DC7A-C3D5-42EE-8930-CE8D0E87B545_1_105_c.jpeg,87C8DC7A-C3D5-42EE-8930-CE8D0E87B545_1_105_c.jpeg,87C8DC7A-C3D5-42EE-8930-CE8D0E87B545_1_105_c.jpeg,87C8DC7A-C3D5-42EE-8930-CE8D0E87B545_1_105_c.jpeg,87C8DC7A-C3D5-42EE-8930-CE8D0E87B545_1_105_c.jpeg, 87C8DC7A-C3D5-42EE-8930-CE8D0E87B545_1_105_c.jpeg
image 65/110 891D05BA-CBFE-4B5F-8A0B-D0A83D1B97F4_1_105_c.jpeg,2 Western Anemones,8 Subalpine Lupines,Done. (0.258s),NA,NA,NA,NA,891D05BA-CBFE-4B5F-8A0B-D0A83D1B97F4_1_105_c.jpeg,891D05BA-CBFE-4B5F-8A0B-D0A83D1B97F4_1_105_c.jpeg,891D05BA-CBFE-4B5F-8A0B-D0A83D1B97F4_1_105_c.jpeg,891D05BA-CBFE-4B5F-8A0B-D0A83D1B97F4_1_105_c.jpeg,891D05BA-CBFE-4B5F-8A0B-D0A83D1B97F4_1_105_c.jpeg,891D05BA-CBFE-4B5F-8A0B-D0A83D1B97F4_1_105_c.jpeg,891D05BA-CBFE-4B5F-8A0B-D0A83D1B97F4_1_105_c.jpeg,891D05BA-CBFE-4B5F-8A0B-D0A83D1B97F4_1_105_c.jpeg,891D05BA-CBFE-4B5F-8A0B-D0A83D1B97F4_1_105_c.jpeg,891D05BA-CBFE-4B5F-8A0B-D0A83D1B97F4_1_105_c.jpeg,891D05BA-CBFE-4B5F-8A0B-D0A83D1B97F4_1_105_c.jpeg,891D05BA-CBFE-4B5F-8A0B-D0A83D1B97F4_1_105_c.jpeg,891D05BA-CBFE-4B5F-8A0B-D0A83D1B97F4_1_105_c.jpeg, 891D05BA-CBFE-4B5F-8A0B-D0A83D1B97F4_1_105_c.jpeg
image 66/110 89934C23-79D2-4778-80F9-721BE883EE56_1_105_c.jpeg,2 Sitka Valerians,10 Subalpine Lupines,Done. (0.258s),NA,NA,NA,NA,89934C23-79D2-4778-80F9-721BE883EE56_1_105_c.jpeg,89934C23-79D2-4778-80F9-721BE883EE56_1_105_c.jpeg,89934C23-79D2-4778-80F9-721BE883EE56_1_105_c.jpeg,89934C23-79D2-4778-80F9-721BE883EE56_1_105_c.jpeg,89934C23-79D2-4778-80F9-721BE883EE56_1_105_c.jpeg,89934C23-79D2-4778-80F9-721BE883EE56_1_105_c.jpeg,89934C23-79D2-4778-80F9-721BE883EE56_1_105_c.jpeg,89934C23-79D2-4778-80F9-721BE883EE56_1_105_c.jpeg,89934C23-79D2-4778-80F9-721BE883EE56_1_105_c.jpeg,89934C23-79D2-4778-80F9-721BE883EE56_1_105_c.jpeg,89934C23-79D2-4778-80F9-721BE883EE56_1_105_c.jpeg,89934C23-79D2-4778-80F9-721BE883EE56_1_105_c.jpeg,89934C23-79D2-4778-80F9-721BE883EE56_1_105_c.jpeg, 89934C23-79D2-4778-80F9-721BE883EE56_1_105_c.jpeg
image 67/110 8D0E9B1D-2C9A-4946-ACB6-21FCB12E188A_1_105_c.jpeg,3 American Bistorts,3 Mountain Daisys,Done. (0.248s),NA,NA,NA,NA,8D0E9B1D-2C9A-4946-ACB6-21FCB12E188A_1_105_c.jpeg,8D0E9B1D-2C9A-4946-ACB6-21FCB12E188A_1_105_c.jpeg,8D0E9B1D-2C9A-4946-ACB6-21FCB12E188A_1_105_c.jpeg,8D0E9B1D-2C9A-4946-ACB6-21FCB12E188A_1_105_c.jpeg,8D0E9B1D-2C9A-4946-ACB6-21FCB12E188A_1_105_c.jpeg,8D0E9B1D-2C9A-4946-ACB6-21FCB12E188A_1_105_c.jpeg,8D0E9B1D-2C9A-4946-ACB6-21FCB12E188A_1_105_c.jpeg,8D0E9B1D-2C9A-4946-ACB6-21FCB12E188A_1_105_c.jpeg,8D0E9B1D-2C9A-4946-ACB6-21FCB12E188A_1_105_c.jpeg,8D0E9B1D-2C9A-4946-ACB6-21FCB12E188A_1_105_c.jpeg,8D0E9B1D-2C9A-4946-ACB6-21FCB12E188A_1_105_c.jpeg,8D0E9B1D-2C9A-4946-ACB6-21FCB12E188A_1_105_c.jpeg,8D0E9B1D-2C9A-4946-ACB6-21FCB12E188A_1_105_c.jpeg, 8D0E9B1D-2C9A-4946-ACB6-21FCB12E188A_1_105_c.jpeg
image 68/110 901F8FCD-61CB-4282-B46B-687CB612A1F4_1_105_c.jpeg,1 American Bistort,5 Magenta Paintbrushs,2 Mountain Daisys,1 Subalpine Lupine,2 Cascade Asters,Done. (0.259s),NA,901F8FCD-61CB-4282-B46B-687CB612A1F4_1_105_c.jpeg,901F8FCD-61CB-4282-B46B-687CB612A1F4_1_105_c.jpeg,901F8FCD-61CB-4282-B46B-687CB612A1F4_1_105_c.jpeg,901F8FCD-61CB-4282-B46B-687CB612A1F4_1_105_c.jpeg,901F8FCD-61CB-4282-B46B-687CB612A1F4_1_105_c.jpeg,901F8FCD-61CB-4282-B46B-687CB612A1F4_1_105_c.jpeg,901F8FCD-61CB-4282-B46B-687CB612A1F4_1_105_c.jpeg,901F8FCD-61CB-4282-B46B-687CB612A1F4_1_105_c.jpeg,901F8FCD-61CB-4282-B46B-687CB612A1F4_1_105_c.jpeg,901F8FCD-61CB-4282-B46B-687CB612A1F4_1_105_c.jpeg,901F8FCD-61CB-4282-B46B-687CB612A1F4_1_105_c.jpeg,901F8FCD-61CB-4282-B46B-687CB612A1F4_1_105_c.jpeg,901F8FCD-61CB-4282-B46B-687CB612A1F4_1_105_c.jpeg, 901F8FCD-61CB-4282-B46B-687CB612A1F4_1_105_c.jpeg
image 69/110 93CC6C0D-6D7E-42B6-9097-DB7E273311C0_1_105_c.jpeg,1 Subalpine Lupine,Done. (0.254s),NA,NA,NA,NA,NA,93CC6C0D-6D7E-42B6-9097-DB7E273311C0_1_105_c.jpeg,93CC6C0D-6D7E-42B6-9097-DB7E273311C0_1_105_c.jpeg,93CC6C0D-6D7E-42B6-9097-DB7E273311C0_1_105_c.jpeg,93CC6C0D-6D7E-42B6-9097-DB7E273311C0_1_105_c.jpeg,93CC6C0D-6D7E-42B6-9097-DB7E273311C0_1_105_c.jpeg,93CC6C0D-6D7E-42B6-9097-DB7E273311C0_1_105_c.jpeg,93CC6C0D-6D7E-42B6-9097-DB7E273311C0_1_105_c.jpeg,93CC6C0D-6D7E-42B6-9097-DB7E273311C0_1_105_c.jpeg,93CC6C0D-6D7E-42B6-9097-DB7E273311C0_1_105_c.jpeg,93CC6C0D-6D7E-42B6-9097-DB7E273311C0_1_105_c.jpeg,93CC6C0D-6D7E-42B6-9097-DB7E273311C0_1_105_c.jpeg,93CC6C0D-6D7E-42B6-9097-DB7E273311C0_1_105_c.jpeg,93CC6C0D-6D7E-42B6-9097-DB7E273311C0_1_105_c.jpeg, 93CC6C0D-6D7E-42B6-9097-DB7E273311C0_1_105_c.jpeg
image 70/110 94B7F98C-A66F-4DD6-B5DC-481801E7B09A_1_105_c.jpeg,5 Western Anemones,17 American Bistorts,1 Bracted Lousewort,5 Magenta Paintbrushs,1 Mountain Daisy,3 Sitka Valerians,28 Subalpine Lupines,94B7F98C-A66F-4DD6-B5DC-481801E7B09A_1_105_c.jpeg,94B7F98C-A66F-4DD6-B5DC-481801E7B09A_1_105_c.jpeg,94B7F98C-A66F-4DD6-B5DC-481801E7B09A_1_105_c.jpeg,94B7F98C-A66F-4DD6-B5DC-481801E7B09A_1_105_c.jpeg,94B7F98C-A66F-4DD6-B5DC-481801E7B09A_1_105_c.jpeg,94B7F98C-A66F-4DD6-B5DC-481801E7B09A_1_105_c.jpeg,94B7F98C-A66F-4DD6-B5DC-481801E7B09A_1_105_c.jpeg,94B7F98C-A66F-4DD6-B5DC-481801E7B09A_1_105_c.jpeg,94B7F98C-A66F-4DD6-B5DC-481801E7B09A_1_105_c.jpeg,94B7F98C-A66F-4DD6-B5DC-481801E7B09A_1_105_c.jpeg,94B7F98C-A66F-4DD6-B5DC-481801E7B09A_1_105_c.jpeg,94B7F98C-A66F-4DD6-B5DC-481801E7B09A_1_105_c.jpeg,94B7F98C-A66F-4DD6-B5DC-481801E7B09A_1_105_c.jpeg, 94B7F98C-A66F-4DD6-B5DC-481801E7B09A_1_105_c.jpeg
image 71/110 954993BC-989F-4B4A-96FB-641939189CD5_1_105_c.jpeg,1 American Bistort,1 Magenta Paintbrush,5 Mountain Daisys,11 Sitka Valerians,9 Subalpine Lupines,8 Broadleaf Arnicas,Done. (0.261s),954993BC-989F-4B4A-96FB-641939189CD5_1_105_c.jpeg,954993BC-989F-4B4A-96FB-641939189CD5_1_105_c.jpeg,954993BC-989F-4B4A-96FB-641939189CD5_1_105_c.jpeg,954993BC-989F-4B4A-96FB-641939189CD5_1_105_c.jpeg,954993BC-989F-4B4A-96FB-641939189CD5_1_105_c.jpeg,954993BC-989F-4B4A-96FB-641939189CD5_1_105_c.jpeg,954993BC-989F-4B4A-96FB-641939189CD5_1_105_c.jpeg,954993BC-989F-4B4A-96FB-641939189CD5_1_105_c.jpeg,954993BC-989F-4B4A-96FB-641939189CD5_1_105_c.jpeg,954993BC-989F-4B4A-96FB-641939189CD5_1_105_c.jpeg,954993BC-989F-4B4A-96FB-641939189CD5_1_105_c.jpeg,954993BC-989F-4B4A-96FB-641939189CD5_1_105_c.jpeg,954993BC-989F-4B4A-96FB-641939189CD5_1_105_c.jpeg, 954993BC-989F-4B4A-96FB-641939189CD5_1_105_c.jpeg
image 72/110 9765B9DE-F34F-4609-BABF-AA5F6E103209_1_105_c.jpeg,1 Sitka Valerian,Done. (0.256s),NA,NA,NA,NA,NA,9765B9DE-F34F-4609-BABF-AA5F6E103209_1_105_c.jpeg,9765B9DE-F34F-4609-BABF-AA5F6E103209_1_105_c.jpeg,9765B9DE-F34F-4609-BABF-AA5F6E103209_1_105_c.jpeg,9765B9DE-F34F-4609-BABF-AA5F6E103209_1_105_c.jpeg,9765B9DE-F34F-4609-BABF-AA5F6E103209_1_105_c.jpeg,9765B9DE-F34F-4609-BABF-AA5F6E103209_1_105_c.jpeg,9765B9DE-F34F-4609-BABF-AA5F6E103209_1_105_c.jpeg,9765B9DE-F34F-4609-BABF-AA5F6E103209_1_105_c.jpeg,9765B9DE-F34F-4609-BABF-AA5F6E103209_1_105_c.jpeg,9765B9DE-F34F-4609-BABF-AA5F6E103209_1_105_c.jpeg,9765B9DE-F34F-4609-BABF-AA5F6E103209_1_105_c.jpeg,9765B9DE-F34F-4609-BABF-AA5F6E103209_1_105_c.jpeg,9765B9DE-F34F-4609-BABF-AA5F6E103209_1_105_c.jpeg, 9765B9DE-F34F-4609-BABF-AA5F6E103209_1_105_c.jpeg
image 73/110 99088D42-AE87-4E00-8DBC-248E63E0DA48_1_105_c.jpeg,45 Western Anemones,6 American Bistorts,Done. (0.256s),NA,NA,NA,NA,99088D42-AE87-4E00-8DBC-248E63E0DA48_1_105_c.jpeg,99088D42-AE87-4E00-8DBC-248E63E0DA48_1_105_c.jpeg,99088D42-AE87-4E00-8DBC-248E63E0DA48_1_105_c.jpeg,99088D42-AE87-4E00-8DBC-248E63E0DA48_1_105_c.jpeg,99088D42-AE87-4E00-8DBC-248E63E0DA48_1_105_c.jpeg,99088D42-AE87-4E00-8DBC-248E63E0DA48_1_105_c.jpeg,99088D42-AE87-4E00-8DBC-248E63E0DA48_1_105_c.jpeg,99088D42-AE87-4E00-8DBC-248E63E0DA48_1_105_c.jpeg,99088D42-AE87-4E00-8DBC-248E63E0DA48_1_105_c.jpeg,99088D42-AE87-4E00-8DBC-248E63E0DA48_1_105_c.jpeg,99088D42-AE87-4E00-8DBC-248E63E0DA48_1_105_c.jpeg,99088D42-AE87-4E00-8DBC-248E63E0DA48_1_105_c.jpeg,99088D42-AE87-4E00-8DBC-248E63E0DA48_1_105_c.jpeg, 99088D42-AE87-4E00-8DBC-248E63E0DA48_1_105_c.jpeg
image 74/110 A5BFB8A9-0E99-4BF4-A9C3-57530CC91574_1_105_c.jpeg,1 American Bistort,7 Cascade Asters,Done. (0.260s),NA,NA,NA,NA,A5BFB8A9-0E99-4BF4-A9C3-57530CC91574_1_105_c.jpeg,A5BFB8A9-0E99-4BF4-A9C3-57530CC91574_1_105_c.jpeg,A5BFB8A9-0E99-4BF4-A9C3-57530CC91574_1_105_c.jpeg,A5BFB8A9-0E99-4BF4-A9C3-57530CC91574_1_105_c.jpeg,A5BFB8A9-0E99-4BF4-A9C3-57530CC91574_1_105_c.jpeg,A5BFB8A9-0E99-4BF4-A9C3-57530CC91574_1_105_c.jpeg,A5BFB8A9-0E99-4BF4-A9C3-57530CC91574_1_105_c.jpeg,A5BFB8A9-0E99-4BF4-A9C3-57530CC91574_1_105_c.jpeg,A5BFB8A9-0E99-4BF4-A9C3-57530CC91574_1_105_c.jpeg,A5BFB8A9-0E99-4BF4-A9C3-57530CC91574_1_105_c.jpeg,A5BFB8A9-0E99-4BF4-A9C3-57530CC91574_1_105_c.jpeg,A5BFB8A9-0E99-4BF4-A9C3-57530CC91574_1_105_c.jpeg,A5BFB8A9-0E99-4BF4-A9C3-57530CC91574_1_105_c.jpeg, A5BFB8A9-0E99-4BF4-A9C3-57530CC91574_1_105_c.jpeg
image 75/110 A673D918-63C6-4863-91FE-43DC09837166_1_105_c.jpeg,7 American Bistorts,9 Magenta Paintbrushs,3 Mountain Daisys,2 Sitka Valerians,43 Subalpine Lupines,Done. (0.258s),NA,A673D918-63C6-4863-91FE-43DC09837166_1_105_c.jpeg,A673D918-63C6-4863-91FE-43DC09837166_1_105_c.jpeg,A673D918-63C6-4863-91FE-43DC09837166_1_105_c.jpeg,A673D918-63C6-4863-91FE-43DC09837166_1_105_c.jpeg,A673D918-63C6-4863-91FE-43DC09837166_1_105_c.jpeg,A673D918-63C6-4863-91FE-43DC09837166_1_105_c.jpeg,A673D918-63C6-4863-91FE-43DC09837166_1_105_c.jpeg,A673D918-63C6-4863-91FE-43DC09837166_1_105_c.jpeg,A673D918-63C6-4863-91FE-43DC09837166_1_105_c.jpeg,A673D918-63C6-4863-91FE-43DC09837166_1_105_c.jpeg,A673D918-63C6-4863-91FE-43DC09837166_1_105_c.jpeg,A673D918-63C6-4863-91FE-43DC09837166_1_105_c.jpeg,A673D918-63C6-4863-91FE-43DC09837166_1_105_c.jpeg, A673D918-63C6-4863-91FE-43DC09837166_1_105_c.jpeg
image 76/110 A6A28EBC-A8ED-4E87-AF92-160F87DE6C11_1_105_c.jpeg,18 Mountain Daisys,Done. (0.263s),NA,NA,NA,NA,NA,A6A28EBC-A8ED-4E87-AF92-160F87DE6C11_1_105_c.jpeg,A6A28EBC-A8ED-4E87-AF92-160F87DE6C11_1_105_c.jpeg,A6A28EBC-A8ED-4E87-AF92-160F87DE6C11_1_105_c.jpeg,A6A28EBC-A8ED-4E87-AF92-160F87DE6C11_1_105_c.jpeg,A6A28EBC-A8ED-4E87-AF92-160F87DE6C11_1_105_c.jpeg,A6A28EBC-A8ED-4E87-AF92-160F87DE6C11_1_105_c.jpeg,A6A28EBC-A8ED-4E87-AF92-160F87DE6C11_1_105_c.jpeg,A6A28EBC-A8ED-4E87-AF92-160F87DE6C11_1_105_c.jpeg,A6A28EBC-A8ED-4E87-AF92-160F87DE6C11_1_105_c.jpeg,A6A28EBC-A8ED-4E87-AF92-160F87DE6C11_1_105_c.jpeg,A6A28EBC-A8ED-4E87-AF92-160F87DE6C11_1_105_c.jpeg,A6A28EBC-A8ED-4E87-AF92-160F87DE6C11_1_105_c.jpeg,A6A28EBC-A8ED-4E87-AF92-160F87DE6C11_1_105_c.jpeg, A6A28EBC-A8ED-4E87-AF92-160F87DE6C11_1_105_c.jpeg
image 77/110 A8661147-10A3-4603-9904-226F95CBDCA6_1_105_c.jpeg,1 American Bistort,2 Mountain Daisys,15 Subalpine Lupines,Done. (0.254s),NA,NA,NA,A8661147-10A3-4603-9904-226F95CBDCA6_1_105_c.jpeg,A8661147-10A3-4603-9904-226F95CBDCA6_1_105_c.jpeg,A8661147-10A3-4603-9904-226F95CBDCA6_1_105_c.jpeg,A8661147-10A3-4603-9904-226F95CBDCA6_1_105_c.jpeg,A8661147-10A3-4603-9904-226F95CBDCA6_1_105_c.jpeg,A8661147-10A3-4603-9904-226F95CBDCA6_1_105_c.jpeg,A8661147-10A3-4603-9904-226F95CBDCA6_1_105_c.jpeg,A8661147-10A3-4603-9904-226F95CBDCA6_1_105_c.jpeg,A8661147-10A3-4603-9904-226F95CBDCA6_1_105_c.jpeg,A8661147-10A3-4603-9904-226F95CBDCA6_1_105_c.jpeg,A8661147-10A3-4603-9904-226F95CBDCA6_1_105_c.jpeg,A8661147-10A3-4603-9904-226F95CBDCA6_1_105_c.jpeg,A8661147-10A3-4603-9904-226F95CBDCA6_1_105_c.jpeg, A8661147-10A3-4603-9904-226F95CBDCA6_1_105_c.jpeg
image 78/110 A876FEFB-8982-41B8-A911-45CAF4D14D53_1_105_c.jpeg,49 Mountain Daisys,1 Subalpine Lupine,Done. (0.253s),NA,NA,NA,NA,A876FEFB-8982-41B8-A911-45CAF4D14D53_1_105_c.jpeg,A876FEFB-8982-41B8-A911-45CAF4D14D53_1_105_c.jpeg,A876FEFB-8982-41B8-A911-45CAF4D14D53_1_105_c.jpeg,A876FEFB-8982-41B8-A911-45CAF4D14D53_1_105_c.jpeg,A876FEFB-8982-41B8-A911-45CAF4D14D53_1_105_c.jpeg,A876FEFB-8982-41B8-A911-45CAF4D14D53_1_105_c.jpeg,A876FEFB-8982-41B8-A911-45CAF4D14D53_1_105_c.jpeg,A876FEFB-8982-41B8-A911-45CAF4D14D53_1_105_c.jpeg,A876FEFB-8982-41B8-A911-45CAF4D14D53_1_105_c.jpeg,A876FEFB-8982-41B8-A911-45CAF4D14D53_1_105_c.jpeg,A876FEFB-8982-41B8-A911-45CAF4D14D53_1_105_c.jpeg,A876FEFB-8982-41B8-A911-45CAF4D14D53_1_105_c.jpeg,A876FEFB-8982-41B8-A911-45CAF4D14D53_1_105_c.jpeg, A876FEFB-8982-41B8-A911-45CAF4D14D53_1_105_c.jpeg
image 79/110 A94534D1-1E60-4BBE-B6C1-7E3BE70A4B56_1_105_c.jpeg,1 Cascade Aster,Done. (0.255s),NA,NA,NA,NA,NA,A94534D1-1E60-4BBE-B6C1-7E3BE70A4B56_1_105_c.jpeg,A94534D1-1E60-4BBE-B6C1-7E3BE70A4B56_1_105_c.jpeg,A94534D1-1E60-4BBE-B6C1-7E3BE70A4B56_1_105_c.jpeg,A94534D1-1E60-4BBE-B6C1-7E3BE70A4B56_1_105_c.jpeg,A94534D1-1E60-4BBE-B6C1-7E3BE70A4B56_1_105_c.jpeg,A94534D1-1E60-4BBE-B6C1-7E3BE70A4B56_1_105_c.jpeg,A94534D1-1E60-4BBE-B6C1-7E3BE70A4B56_1_105_c.jpeg,A94534D1-1E60-4BBE-B6C1-7E3BE70A4B56_1_105_c.jpeg,A94534D1-1E60-4BBE-B6C1-7E3BE70A4B56_1_105_c.jpeg,A94534D1-1E60-4BBE-B6C1-7E3BE70A4B56_1_105_c.jpeg,A94534D1-1E60-4BBE-B6C1-7E3BE70A4B56_1_105_c.jpeg,A94534D1-1E60-4BBE-B6C1-7E3BE70A4B56_1_105_c.jpeg,A94534D1-1E60-4BBE-B6C1-7E3BE70A4B56_1_105_c.jpeg, A94534D1-1E60-4BBE-B6C1-7E3BE70A4B56_1_105_c.jpeg
image 80/110 AD5E0A67-A578-4615-9C3F-049409519168_1_105_c.jpeg,8 American Bistorts,7 Mountain Daisys,6 Sitka Valerians,4 Subalpine Lupines,Done. (0.257s),NA,NA,AD5E0A67-A578-4615-9C3F-049409519168_1_105_c.jpeg,AD5E0A67-A578-4615-9C3F-049409519168_1_105_c.jpeg,AD5E0A67-A578-4615-9C3F-049409519168_1_105_c.jpeg,AD5E0A67-A578-4615-9C3F-049409519168_1_105_c.jpeg,AD5E0A67-A578-4615-9C3F-049409519168_1_105_c.jpeg,AD5E0A67-A578-4615-9C3F-049409519168_1_105_c.jpeg,AD5E0A67-A578-4615-9C3F-049409519168_1_105_c.jpeg,AD5E0A67-A578-4615-9C3F-049409519168_1_105_c.jpeg,AD5E0A67-A578-4615-9C3F-049409519168_1_105_c.jpeg,AD5E0A67-A578-4615-9C3F-049409519168_1_105_c.jpeg,AD5E0A67-A578-4615-9C3F-049409519168_1_105_c.jpeg,AD5E0A67-A578-4615-9C3F-049409519168_1_105_c.jpeg,AD5E0A67-A578-4615-9C3F-049409519168_1_105_c.jpeg, AD5E0A67-A578-4615-9C3F-049409519168_1_105_c.jpeg
image 81/110 B094E6EC-0F98-4640-92D9-3E0F2E6F7427_1_105_c.jpeg,7 American Bistorts,2 Sitka Valerians,28 Subalpine Lupines,1 Broadleaf Arnica,Done. (0.265s),NA,NA,B094E6EC-0F98-4640-92D9-3E0F2E6F7427_1_105_c.jpeg,B094E6EC-0F98-4640-92D9-3E0F2E6F7427_1_105_c.jpeg,B094E6EC-0F98-4640-92D9-3E0F2E6F7427_1_105_c.jpeg,B094E6EC-0F98-4640-92D9-3E0F2E6F7427_1_105_c.jpeg,B094E6EC-0F98-4640-92D9-3E0F2E6F7427_1_105_c.jpeg,B094E6EC-0F98-4640-92D9-3E0F2E6F7427_1_105_c.jpeg,B094E6EC-0F98-4640-92D9-3E0F2E6F7427_1_105_c.jpeg,B094E6EC-0F98-4640-92D9-3E0F2E6F7427_1_105_c.jpeg,B094E6EC-0F98-4640-92D9-3E0F2E6F7427_1_105_c.jpeg,B094E6EC-0F98-4640-92D9-3E0F2E6F7427_1_105_c.jpeg,B094E6EC-0F98-4640-92D9-3E0F2E6F7427_1_105_c.jpeg,B094E6EC-0F98-4640-92D9-3E0F2E6F7427_1_105_c.jpeg,B094E6EC-0F98-4640-92D9-3E0F2E6F7427_1_105_c.jpeg, B094E6EC-0F98-4640-92D9-3E0F2E6F7427_1_105_c.jpeg
image 82/110 B1A1290A-9ACB-4B7F-B3CF-D45CC3B7A073_1_105_c.jpeg,6 Magenta Paintbrushs,12 Subalpine Lupines,Done. (0.251s),NA,NA,NA,NA,B1A1290A-9ACB-4B7F-B3CF-D45CC3B7A073_1_105_c.jpeg,B1A1290A-9ACB-4B7F-B3CF-D45CC3B7A073_1_105_c.jpeg,B1A1290A-9ACB-4B7F-B3CF-D45CC3B7A073_1_105_c.jpeg,B1A1290A-9ACB-4B7F-B3CF-D45CC3B7A073_1_105_c.jpeg,B1A1290A-9ACB-4B7F-B3CF-D45CC3B7A073_1_105_c.jpeg,B1A1290A-9ACB-4B7F-B3CF-D45CC3B7A073_1_105_c.jpeg,B1A1290A-9ACB-4B7F-B3CF-D45CC3B7A073_1_105_c.jpeg,B1A1290A-9ACB-4B7F-B3CF-D45CC3B7A073_1_105_c.jpeg,B1A1290A-9ACB-4B7F-B3CF-D45CC3B7A073_1_105_c.jpeg,B1A1290A-9ACB-4B7F-B3CF-D45CC3B7A073_1_105_c.jpeg,B1A1290A-9ACB-4B7F-B3CF-D45CC3B7A073_1_105_c.jpeg,B1A1290A-9ACB-4B7F-B3CF-D45CC3B7A073_1_105_c.jpeg,B1A1290A-9ACB-4B7F-B3CF-D45CC3B7A073_1_105_c.jpeg, B1A1290A-9ACB-4B7F-B3CF-D45CC3B7A073_1_105_c.jpeg
image 83/110 B1AB576C-81C1-414D-A2D3-E9D43433C109_1_105_c.jpeg,19 Western Anemones,61 American Bistorts,2 Sitka Valerians,1 Subalpine Lupine,Done. (0.261s),NA,NA,B1AB576C-81C1-414D-A2D3-E9D43433C109_1_105_c.jpeg,B1AB576C-81C1-414D-A2D3-E9D43433C109_1_105_c.jpeg,B1AB576C-81C1-414D-A2D3-E9D43433C109_1_105_c.jpeg,B1AB576C-81C1-414D-A2D3-E9D43433C109_1_105_c.jpeg,B1AB576C-81C1-414D-A2D3-E9D43433C109_1_105_c.jpeg,B1AB576C-81C1-414D-A2D3-E9D43433C109_1_105_c.jpeg,B1AB576C-81C1-414D-A2D3-E9D43433C109_1_105_c.jpeg,B1AB576C-81C1-414D-A2D3-E9D43433C109_1_105_c.jpeg,B1AB576C-81C1-414D-A2D3-E9D43433C109_1_105_c.jpeg,B1AB576C-81C1-414D-A2D3-E9D43433C109_1_105_c.jpeg,B1AB576C-81C1-414D-A2D3-E9D43433C109_1_105_c.jpeg,B1AB576C-81C1-414D-A2D3-E9D43433C109_1_105_c.jpeg,B1AB576C-81C1-414D-A2D3-E9D43433C109_1_105_c.jpeg, B1AB576C-81C1-414D-A2D3-E9D43433C109_1_105_c.jpeg
image 84/110 B56FF86D-8079-437C-9269-C052ED7CF7CC_1_105_c.jpeg,3 American Bistorts,9 Subalpine Lupines,Done. (0.255s),NA,NA,NA,NA,B56FF86D-8079-437C-9269-C052ED7CF7CC_1_105_c.jpeg,B56FF86D-8079-437C-9269-C052ED7CF7CC_1_105_c.jpeg,B56FF86D-8079-437C-9269-C052ED7CF7CC_1_105_c.jpeg,B56FF86D-8079-437C-9269-C052ED7CF7CC_1_105_c.jpeg,B56FF86D-8079-437C-9269-C052ED7CF7CC_1_105_c.jpeg,B56FF86D-8079-437C-9269-C052ED7CF7CC_1_105_c.jpeg,B56FF86D-8079-437C-9269-C052ED7CF7CC_1_105_c.jpeg,B56FF86D-8079-437C-9269-C052ED7CF7CC_1_105_c.jpeg,B56FF86D-8079-437C-9269-C052ED7CF7CC_1_105_c.jpeg,B56FF86D-8079-437C-9269-C052ED7CF7CC_1_105_c.jpeg,B56FF86D-8079-437C-9269-C052ED7CF7CC_1_105_c.jpeg,B56FF86D-8079-437C-9269-C052ED7CF7CC_1_105_c.jpeg,B56FF86D-8079-437C-9269-C052ED7CF7CC_1_105_c.jpeg, B56FF86D-8079-437C-9269-C052ED7CF7CC_1_105_c.jpeg
image 85/110 B9780784-7A09-402A-AB9E-ABDACB9B4D6D_1_105_c.jpeg,1 Western Anemone,24 American Bistorts,8 Sitka Valerians,15 Subalpine Lupines,Done. (0.262s),NA,NA,B9780784-7A09-402A-AB9E-ABDACB9B4D6D_1_105_c.jpeg,B9780784-7A09-402A-AB9E-ABDACB9B4D6D_1_105_c.jpeg,B9780784-7A09-402A-AB9E-ABDACB9B4D6D_1_105_c.jpeg,B9780784-7A09-402A-AB9E-ABDACB9B4D6D_1_105_c.jpeg,B9780784-7A09-402A-AB9E-ABDACB9B4D6D_1_105_c.jpeg,B9780784-7A09-402A-AB9E-ABDACB9B4D6D_1_105_c.jpeg,B9780784-7A09-402A-AB9E-ABDACB9B4D6D_1_105_c.jpeg,B9780784-7A09-402A-AB9E-ABDACB9B4D6D_1_105_c.jpeg,B9780784-7A09-402A-AB9E-ABDACB9B4D6D_1_105_c.jpeg,B9780784-7A09-402A-AB9E-ABDACB9B4D6D_1_105_c.jpeg,B9780784-7A09-402A-AB9E-ABDACB9B4D6D_1_105_c.jpeg,B9780784-7A09-402A-AB9E-ABDACB9B4D6D_1_105_c.jpeg,B9780784-7A09-402A-AB9E-ABDACB9B4D6D_1_105_c.jpeg, B9780784-7A09-402A-AB9E-ABDACB9B4D6D_1_105_c.jpeg
image 86/110 BB2675E7-B832-4C81-95FC-3EFF35B27B7F_1_105_c.jpeg,1 American Bistort,2 Sharptooth Angelicas,Done. (0.261s),NA,NA,NA,NA,BB2675E7-B832-4C81-95FC-3EFF35B27B7F_1_105_c.jpeg,BB2675E7-B832-4C81-95FC-3EFF35B27B7F_1_105_c.jpeg,BB2675E7-B832-4C81-95FC-3EFF35B27B7F_1_105_c.jpeg,BB2675E7-B832-4C81-95FC-3EFF35B27B7F_1_105_c.jpeg,BB2675E7-B832-4C81-95FC-3EFF35B27B7F_1_105_c.jpeg,BB2675E7-B832-4C81-95FC-3EFF35B27B7F_1_105_c.jpeg,BB2675E7-B832-4C81-95FC-3EFF35B27B7F_1_105_c.jpeg,BB2675E7-B832-4C81-95FC-3EFF35B27B7F_1_105_c.jpeg,BB2675E7-B832-4C81-95FC-3EFF35B27B7F_1_105_c.jpeg,BB2675E7-B832-4C81-95FC-3EFF35B27B7F_1_105_c.jpeg,BB2675E7-B832-4C81-95FC-3EFF35B27B7F_1_105_c.jpeg,BB2675E7-B832-4C81-95FC-3EFF35B27B7F_1_105_c.jpeg,BB2675E7-B832-4C81-95FC-3EFF35B27B7F_1_105_c.jpeg, BB2675E7-B832-4C81-95FC-3EFF35B27B7F_1_105_c.jpeg
image 87/110 BE3F3E44-AC56-4967-B2C4-C9A7E1688C65_1_105_c.jpeg,7 Western Anemones,2 American Bistorts,2 Sitka Valerians,Done. (0.264s),NA,NA,NA,BE3F3E44-AC56-4967-B2C4-C9A7E1688C65_1_105_c.jpeg,BE3F3E44-AC56-4967-B2C4-C9A7E1688C65_1_105_c.jpeg,BE3F3E44-AC56-4967-B2C4-C9A7E1688C65_1_105_c.jpeg,BE3F3E44-AC56-4967-B2C4-C9A7E1688C65_1_105_c.jpeg,BE3F3E44-AC56-4967-B2C4-C9A7E1688C65_1_105_c.jpeg,BE3F3E44-AC56-4967-B2C4-C9A7E1688C65_1_105_c.jpeg,BE3F3E44-AC56-4967-B2C4-C9A7E1688C65_1_105_c.jpeg,BE3F3E44-AC56-4967-B2C4-C9A7E1688C65_1_105_c.jpeg,BE3F3E44-AC56-4967-B2C4-C9A7E1688C65_1_105_c.jpeg,BE3F3E44-AC56-4967-B2C4-C9A7E1688C65_1_105_c.jpeg,BE3F3E44-AC56-4967-B2C4-C9A7E1688C65_1_105_c.jpeg,BE3F3E44-AC56-4967-B2C4-C9A7E1688C65_1_105_c.jpeg,BE3F3E44-AC56-4967-B2C4-C9A7E1688C65_1_105_c.jpeg, BE3F3E44-AC56-4967-B2C4-C9A7E1688C65_1_105_c.jpeg
image 88/110 C1E816CB-5682-4318-BF4C-0BF72B0D5E25_1_105_c.jpeg,1 Mountain Daisy,2 Subalpine Lupines,Done. (0.253s),NA,NA,NA,NA,C1E816CB-5682-4318-BF4C-0BF72B0D5E25_1_105_c.jpeg,C1E816CB-5682-4318-BF4C-0BF72B0D5E25_1_105_c.jpeg,C1E816CB-5682-4318-BF4C-0BF72B0D5E25_1_105_c.jpeg,C1E816CB-5682-4318-BF4C-0BF72B0D5E25_1_105_c.jpeg,C1E816CB-5682-4318-BF4C-0BF72B0D5E25_1_105_c.jpeg,C1E816CB-5682-4318-BF4C-0BF72B0D5E25_1_105_c.jpeg,C1E816CB-5682-4318-BF4C-0BF72B0D5E25_1_105_c.jpeg,C1E816CB-5682-4318-BF4C-0BF72B0D5E25_1_105_c.jpeg,C1E816CB-5682-4318-BF4C-0BF72B0D5E25_1_105_c.jpeg,C1E816CB-5682-4318-BF4C-0BF72B0D5E25_1_105_c.jpeg,C1E816CB-5682-4318-BF4C-0BF72B0D5E25_1_105_c.jpeg,C1E816CB-5682-4318-BF4C-0BF72B0D5E25_1_105_c.jpeg,C1E816CB-5682-4318-BF4C-0BF72B0D5E25_1_105_c.jpeg, C1E816CB-5682-4318-BF4C-0BF72B0D5E25_1_105_c.jpeg
image 89/110 C38E0BDB-775E-4F2C-A881-2CDBE61B1260_1_105_c.jpeg,74 Grays Lovages,2 North Mircoseriss,Done. (0.275s),NA,NA,NA,NA,C38E0BDB-775E-4F2C-A881-2CDBE61B1260_1_105_c.jpeg,C38E0BDB-775E-4F2C-A881-2CDBE61B1260_1_105_c.jpeg,C38E0BDB-775E-4F2C-A881-2CDBE61B1260_1_105_c.jpeg,C38E0BDB-775E-4F2C-A881-2CDBE61B1260_1_105_c.jpeg,C38E0BDB-775E-4F2C-A881-2CDBE61B1260_1_105_c.jpeg,C38E0BDB-775E-4F2C-A881-2CDBE61B1260_1_105_c.jpeg,C38E0BDB-775E-4F2C-A881-2CDBE61B1260_1_105_c.jpeg,C38E0BDB-775E-4F2C-A881-2CDBE61B1260_1_105_c.jpeg,C38E0BDB-775E-4F2C-A881-2CDBE61B1260_1_105_c.jpeg,C38E0BDB-775E-4F2C-A881-2CDBE61B1260_1_105_c.jpeg,C38E0BDB-775E-4F2C-A881-2CDBE61B1260_1_105_c.jpeg,C38E0BDB-775E-4F2C-A881-2CDBE61B1260_1_105_c.jpeg,C38E0BDB-775E-4F2C-A881-2CDBE61B1260_1_105_c.jpeg, C38E0BDB-775E-4F2C-A881-2CDBE61B1260_1_105_c.jpeg
image 90/110 CB8A21AA-DDB2-4C2C-8498-794915E36794_1_105_c.jpeg,Done. (0.260s),NA,NA,NA,NA,NA,NA,CB8A21AA-DDB2-4C2C-8498-794915E36794_1_105_c.jpeg,CB8A21AA-DDB2-4C2C-8498-794915E36794_1_105_c.jpeg,CB8A21AA-DDB2-4C2C-8498-794915E36794_1_105_c.jpeg,CB8A21AA-DDB2-4C2C-8498-794915E36794_1_105_c.jpeg,CB8A21AA-DDB2-4C2C-8498-794915E36794_1_105_c.jpeg,CB8A21AA-DDB2-4C2C-8498-794915E36794_1_105_c.jpeg,CB8A21AA-DDB2-4C2C-8498-794915E36794_1_105_c.jpeg,CB8A21AA-DDB2-4C2C-8498-794915E36794_1_105_c.jpeg,CB8A21AA-DDB2-4C2C-8498-794915E36794_1_105_c.jpeg,CB8A21AA-DDB2-4C2C-8498-794915E36794_1_105_c.jpeg,CB8A21AA-DDB2-4C2C-8498-794915E36794_1_105_c.jpeg,CB8A21AA-DDB2-4C2C-8498-794915E36794_1_105_c.jpeg,CB8A21AA-DDB2-4C2C-8498-794915E36794_1_105_c.jpeg, CB8A21AA-DDB2-4C2C-8498-794915E36794_1_105_c.jpeg
image 91/110 D2B79ABB-9072-4625-90E6-FF8D8BDAF1D9_1_105_c.jpeg,40 Grays Lovages,Done. (0.258s),NA,NA,NA,NA,NA,D2B79ABB-9072-4625-90E6-FF8D8BDAF1D9_1_105_c.jpeg,D2B79ABB-9072-4625-90E6-FF8D8BDAF1D9_1_105_c.jpeg,D2B79ABB-9072-4625-90E6-FF8D8BDAF1D9_1_105_c.jpeg,D2B79ABB-9072-4625-90E6-FF8D8BDAF1D9_1_105_c.jpeg,D2B79ABB-9072-4625-90E6-FF8D8BDAF1D9_1_105_c.jpeg,D2B79ABB-9072-4625-90E6-FF8D8BDAF1D9_1_105_c.jpeg,D2B79ABB-9072-4625-90E6-FF8D8BDAF1D9_1_105_c.jpeg,D2B79ABB-9072-4625-90E6-FF8D8BDAF1D9_1_105_c.jpeg,D2B79ABB-9072-4625-90E6-FF8D8BDAF1D9_1_105_c.jpeg,D2B79ABB-9072-4625-90E6-FF8D8BDAF1D9_1_105_c.jpeg,D2B79ABB-9072-4625-90E6-FF8D8BDAF1D9_1_105_c.jpeg,D2B79ABB-9072-4625-90E6-FF8D8BDAF1D9_1_105_c.jpeg,D2B79ABB-9072-4625-90E6-FF8D8BDAF1D9_1_105_c.jpeg, D2B79ABB-9072-4625-90E6-FF8D8BDAF1D9_1_105_c.jpeg
image 92/110 D4F2B609-A2FA-496D-995F-2A59D4B88E55_1_105_c.jpeg,5 Mountain Daisys,8 Subalpine Lupines,Done. (0.257s),NA,NA,NA,NA,D4F2B609-A2FA-496D-995F-2A59D4B88E55_1_105_c.jpeg,D4F2B609-A2FA-496D-995F-2A59D4B88E55_1_105_c.jpeg,D4F2B609-A2FA-496D-995F-2A59D4B88E55_1_105_c.jpeg,D4F2B609-A2FA-496D-995F-2A59D4B88E55_1_105_c.jpeg,D4F2B609-A2FA-496D-995F-2A59D4B88E55_1_105_c.jpeg,D4F2B609-A2FA-496D-995F-2A59D4B88E55_1_105_c.jpeg,D4F2B609-A2FA-496D-995F-2A59D4B88E55_1_105_c.jpeg,D4F2B609-A2FA-496D-995F-2A59D4B88E55_1_105_c.jpeg,D4F2B609-A2FA-496D-995F-2A59D4B88E55_1_105_c.jpeg,D4F2B609-A2FA-496D-995F-2A59D4B88E55_1_105_c.jpeg,D4F2B609-A2FA-496D-995F-2A59D4B88E55_1_105_c.jpeg,D4F2B609-A2FA-496D-995F-2A59D4B88E55_1_105_c.jpeg,D4F2B609-A2FA-496D-995F-2A59D4B88E55_1_105_c.jpeg, D4F2B609-A2FA-496D-995F-2A59D4B88E55_1_105_c.jpeg
image 93/110 D5680904-E45B-447F-9733-460BC11C9CA3_1_105_c.jpeg,Done. (0.261s),NA,NA,NA,NA,NA,NA,D5680904-E45B-447F-9733-460BC11C9CA3_1_105_c.jpeg,D5680904-E45B-447F-9733-460BC11C9CA3_1_105_c.jpeg,D5680904-E45B-447F-9733-460BC11C9CA3_1_105_c.jpeg,D5680904-E45B-447F-9733-460BC11C9CA3_1_105_c.jpeg,D5680904-E45B-447F-9733-460BC11C9CA3_1_105_c.jpeg,D5680904-E45B-447F-9733-460BC11C9CA3_1_105_c.jpeg,D5680904-E45B-447F-9733-460BC11C9CA3_1_105_c.jpeg,D5680904-E45B-447F-9733-460BC11C9CA3_1_105_c.jpeg,D5680904-E45B-447F-9733-460BC11C9CA3_1_105_c.jpeg,D5680904-E45B-447F-9733-460BC11C9CA3_1_105_c.jpeg,D5680904-E45B-447F-9733-460BC11C9CA3_1_105_c.jpeg,D5680904-E45B-447F-9733-460BC11C9CA3_1_105_c.jpeg,D5680904-E45B-447F-9733-460BC11C9CA3_1_105_c.jpeg, D5680904-E45B-447F-9733-460BC11C9CA3_1_105_c.jpeg
image 94/110 DBCEF0B0-75D3-4153-A53F-99E5DC77CD75_1_105_c.jpeg,1 Magenta Paintbrush,Done. (0.260s),NA,NA,NA,NA,NA,DBCEF0B0-75D3-4153-A53F-99E5DC77CD75_1_105_c.jpeg,DBCEF0B0-75D3-4153-A53F-99E5DC77CD75_1_105_c.jpeg,DBCEF0B0-75D3-4153-A53F-99E5DC77CD75_1_105_c.jpeg,DBCEF0B0-75D3-4153-A53F-99E5DC77CD75_1_105_c.jpeg,DBCEF0B0-75D3-4153-A53F-99E5DC77CD75_1_105_c.jpeg,DBCEF0B0-75D3-4153-A53F-99E5DC77CD75_1_105_c.jpeg,DBCEF0B0-75D3-4153-A53F-99E5DC77CD75_1_105_c.jpeg,DBCEF0B0-75D3-4153-A53F-99E5DC77CD75_1_105_c.jpeg,DBCEF0B0-75D3-4153-A53F-99E5DC77CD75_1_105_c.jpeg,DBCEF0B0-75D3-4153-A53F-99E5DC77CD75_1_105_c.jpeg,DBCEF0B0-75D3-4153-A53F-99E5DC77CD75_1_105_c.jpeg,DBCEF0B0-75D3-4153-A53F-99E5DC77CD75_1_105_c.jpeg,DBCEF0B0-75D3-4153-A53F-99E5DC77CD75_1_105_c.jpeg, DBCEF0B0-75D3-4153-A53F-99E5DC77CD75_1_105_c.jpeg
image 95/110 DEC42E9F-4310-408E-9F7D-5A2F86D889EA_1_105_c.jpeg,3 American Bistorts,6 Bracted Louseworts,11 Magenta Paintbrushs,10 Mountain Daisys,1 Sitka Valerian,4 Subalpine Lupines,Done. (0.258s),DEC42E9F-4310-408E-9F7D-5A2F86D889EA_1_105_c.jpeg,DEC42E9F-4310-408E-9F7D-5A2F86D889EA_1_105_c.jpeg,DEC42E9F-4310-408E-9F7D-5A2F86D889EA_1_105_c.jpeg,DEC42E9F-4310-408E-9F7D-5A2F86D889EA_1_105_c.jpeg,DEC42E9F-4310-408E-9F7D-5A2F86D889EA_1_105_c.jpeg,DEC42E9F-4310-408E-9F7D-5A2F86D889EA_1_105_c.jpeg,DEC42E9F-4310-408E-9F7D-5A2F86D889EA_1_105_c.jpeg,DEC42E9F-4310-408E-9F7D-5A2F86D889EA_1_105_c.jpeg,DEC42E9F-4310-408E-9F7D-5A2F86D889EA_1_105_c.jpeg,DEC42E9F-4310-408E-9F7D-5A2F86D889EA_1_105_c.jpeg,DEC42E9F-4310-408E-9F7D-5A2F86D889EA_1_105_c.jpeg,DEC42E9F-4310-408E-9F7D-5A2F86D889EA_1_105_c.jpeg,DEC42E9F-4310-408E-9F7D-5A2F86D889EA_1_105_c.jpeg, DEC42E9F-4310-408E-9F7D-5A2F86D889EA_1_105_c.jpeg
image 96/110 E30821EE-3421-4A21-9A02-4E66EDFD6BBA_1_105_c.jpeg,1 American Bistort,5 Sitka Valerians,4 Subalpine Lupines,Done. (0.255s),NA,NA,NA,E30821EE-3421-4A21-9A02-4E66EDFD6BBA_1_105_c.jpeg,E30821EE-3421-4A21-9A02-4E66EDFD6BBA_1_105_c.jpeg,E30821EE-3421-4A21-9A02-4E66EDFD6BBA_1_105_c.jpeg,E30821EE-3421-4A21-9A02-4E66EDFD6BBA_1_105_c.jpeg,E30821EE-3421-4A21-9A02-4E66EDFD6BBA_1_105_c.jpeg,E30821EE-3421-4A21-9A02-4E66EDFD6BBA_1_105_c.jpeg,E30821EE-3421-4A21-9A02-4E66EDFD6BBA_1_105_c.jpeg,E30821EE-3421-4A21-9A02-4E66EDFD6BBA_1_105_c.jpeg,E30821EE-3421-4A21-9A02-4E66EDFD6BBA_1_105_c.jpeg,E30821EE-3421-4A21-9A02-4E66EDFD6BBA_1_105_c.jpeg,E30821EE-3421-4A21-9A02-4E66EDFD6BBA_1_105_c.jpeg,E30821EE-3421-4A21-9A02-4E66EDFD6BBA_1_105_c.jpeg,E30821EE-3421-4A21-9A02-4E66EDFD6BBA_1_105_c.jpeg, E30821EE-3421-4A21-9A02-4E66EDFD6BBA_1_105_c.jpeg
image 97/110 E3CB7795-4B6A-4950-8AB2-91BC7667277E_1_105_c.jpeg,2 Subalpine Lupines,Done. (0.261s),NA,NA,NA,NA,NA,E3CB7795-4B6A-4950-8AB2-91BC7667277E_1_105_c.jpeg,E3CB7795-4B6A-4950-8AB2-91BC7667277E_1_105_c.jpeg,E3CB7795-4B6A-4950-8AB2-91BC7667277E_1_105_c.jpeg,E3CB7795-4B6A-4950-8AB2-91BC7667277E_1_105_c.jpeg,E3CB7795-4B6A-4950-8AB2-91BC7667277E_1_105_c.jpeg,E3CB7795-4B6A-4950-8AB2-91BC7667277E_1_105_c.jpeg,E3CB7795-4B6A-4950-8AB2-91BC7667277E_1_105_c.jpeg,E3CB7795-4B6A-4950-8AB2-91BC7667277E_1_105_c.jpeg,E3CB7795-4B6A-4950-8AB2-91BC7667277E_1_105_c.jpeg,E3CB7795-4B6A-4950-8AB2-91BC7667277E_1_105_c.jpeg,E3CB7795-4B6A-4950-8AB2-91BC7667277E_1_105_c.jpeg,E3CB7795-4B6A-4950-8AB2-91BC7667277E_1_105_c.jpeg,E3CB7795-4B6A-4950-8AB2-91BC7667277E_1_105_c.jpeg, E3CB7795-4B6A-4950-8AB2-91BC7667277E_1_105_c.jpeg
image 98/110 E688C780-67C9-497F-86F0-27DC9A73E5B4_1_105_c.jpeg,6 Mountain Daisys,Done. (0.253s),NA,NA,NA,NA,NA,E688C780-67C9-497F-86F0-27DC9A73E5B4_1_105_c.jpeg,E688C780-67C9-497F-86F0-27DC9A73E5B4_1_105_c.jpeg,E688C780-67C9-497F-86F0-27DC9A73E5B4_1_105_c.jpeg,E688C780-67C9-497F-86F0-27DC9A73E5B4_1_105_c.jpeg,E688C780-67C9-497F-86F0-27DC9A73E5B4_1_105_c.jpeg,E688C780-67C9-497F-86F0-27DC9A73E5B4_1_105_c.jpeg,E688C780-67C9-497F-86F0-27DC9A73E5B4_1_105_c.jpeg,E688C780-67C9-497F-86F0-27DC9A73E5B4_1_105_c.jpeg,E688C780-67C9-497F-86F0-27DC9A73E5B4_1_105_c.jpeg,E688C780-67C9-497F-86F0-27DC9A73E5B4_1_105_c.jpeg,E688C780-67C9-497F-86F0-27DC9A73E5B4_1_105_c.jpeg,E688C780-67C9-497F-86F0-27DC9A73E5B4_1_105_c.jpeg,E688C780-67C9-497F-86F0-27DC9A73E5B4_1_105_c.jpeg, E688C780-67C9-497F-86F0-27DC9A73E5B4_1_105_c.jpeg
image 99/110 E6D12CAE-070A-4C5C-A933-6FAC046CCED5_1_105_c.jpeg,2 Western Anemones,13 American Bistorts,4 Bracted Louseworts,4 Magenta Paintbrushs,12 Mountain Daisys,6 Sitka Valerians,Done. (0.252s),E6D12CAE-070A-4C5C-A933-6FAC046CCED5_1_105_c.jpeg,E6D12CAE-070A-4C5C-A933-6FAC046CCED5_1_105_c.jpeg,E6D12CAE-070A-4C5C-A933-6FAC046CCED5_1_105_c.jpeg,E6D12CAE-070A-4C5C-A933-6FAC046CCED5_1_105_c.jpeg,E6D12CAE-070A-4C5C-A933-6FAC046CCED5_1_105_c.jpeg,E6D12CAE-070A-4C5C-A933-6FAC046CCED5_1_105_c.jpeg,E6D12CAE-070A-4C5C-A933-6FAC046CCED5_1_105_c.jpeg,E6D12CAE-070A-4C5C-A933-6FAC046CCED5_1_105_c.jpeg,E6D12CAE-070A-4C5C-A933-6FAC046CCED5_1_105_c.jpeg,E6D12CAE-070A-4C5C-A933-6FAC046CCED5_1_105_c.jpeg,E6D12CAE-070A-4C5C-A933-6FAC046CCED5_1_105_c.jpeg,E6D12CAE-070A-4C5C-A933-6FAC046CCED5_1_105_c.jpeg,E6D12CAE-070A-4C5C-A933-6FAC046CCED5_1_105_c.jpeg, E6D12CAE-070A-4C5C-A933-6FAC046CCED5_1_105_c.jpeg
image 100/110 E86C0A8C-8898-4B30-AB53-712ED5DAAA7D_1_105_c.jpeg,1 American Bistort,9 Subalpine Lupines,Done. (0.256s),NA,NA,NA,NA,E86C0A8C-8898-4B30-AB53-712ED5DAAA7D_1_105_c.jpeg,0 E86C0A8C-8898-4B30-AB53-712ED5DAAA7D_1_105_c.jpeg,0 E86C0A8C-8898-4B30-AB53-712ED5DAAA7D_1_105_c.jpeg,0 E86C0A8C-8898-4B30-AB53-712ED5DAAA7D_1_105_c.jpeg,0 E86C0A8C-8898-4B30-AB53-712ED5DAAA7D_1_105_c.jpeg,0 E86C0A8C-8898-4B30-AB53-712ED5DAAA7D_1_105_c.jpeg,0 E86C0A8C-8898-4B30-AB53-712ED5DAAA7D_1_105_c.jpeg,0 E86C0A8C-8898-4B30-AB53-712ED5DAAA7D_1_105_c.jpeg,0 E86C0A8C-8898-4B30-AB53-712ED5DAAA7D_1_105_c.jpeg,0 E86C0A8C-8898-4B30-AB53-712ED5DAAA7D_1_105_c.jpeg,0 E86C0A8C-8898-4B30-AB53-712ED5DAAA7D_1_105_c.jpeg,0 E86C0A8C-8898-4B30-AB53-712ED5DAAA7D_1_105_c.jpeg,0 E86C0A8C-8898-4B30-AB53-712ED5DAAA7D_1_105_c.jpeg,0 E86C0A8C-8898-4B30-AB53-712ED5DAAA7D_1_105_c.jpeg
image 101/110 E8CED914-60BB-4860-B34F-7A8D9C123139_1_105_c.jpeg,15 Mountain Daisys,1 Sitka Valerian,56 Subalpine Lupines,1 Sharptooth Angelica,Done. (0.261s),NA,NA,E8CED914-60BB-4860-B34F-7A8D9C123139_1_105_c.jpeg,0 E8CED914-60BB-4860-B34F-7A8D9C123139_1_105_c.jpeg,0 E8CED914-60BB-4860-B34F-7A8D9C123139_1_105_c.jpeg,0 E8CED914-60BB-4860-B34F-7A8D9C123139_1_105_c.jpeg,0 E8CED914-60BB-4860-B34F-7A8D9C123139_1_105_c.jpeg,0 E8CED914-60BB-4860-B34F-7A8D9C123139_1_105_c.jpeg,0 E8CED914-60BB-4860-B34F-7A8D9C123139_1_105_c.jpeg,0 E8CED914-60BB-4860-B34F-7A8D9C123139_1_105_c.jpeg,0 E8CED914-60BB-4860-B34F-7A8D9C123139_1_105_c.jpeg,0 E8CED914-60BB-4860-B34F-7A8D9C123139_1_105_c.jpeg,0 E8CED914-60BB-4860-B34F-7A8D9C123139_1_105_c.jpeg,0 E8CED914-60BB-4860-B34F-7A8D9C123139_1_105_c.jpeg,0 E8CED914-60BB-4860-B34F-7A8D9C123139_1_105_c.jpeg,0 E8CED914-60BB-4860-B34F-7A8D9C123139_1_105_c.jpeg
image 102/110 EA41CF4B-05C3-48F8-8770-87806FA4F59C_1_105_c.jpeg,12 American Bistorts,2 Magenta Paintbrushs,4 Mountain Daisys,1 Sitka Valerian,Done. (0.254s),NA,NA,EA41CF4B-05C3-48F8-8770-87806FA4F59C_1_105_c.jpeg,0 EA41CF4B-05C3-48F8-8770-87806FA4F59C_1_105_c.jpeg,0 EA41CF4B-05C3-48F8-8770-87806FA4F59C_1_105_c.jpeg,0 EA41CF4B-05C3-48F8-8770-87806FA4F59C_1_105_c.jpeg,0 EA41CF4B-05C3-48F8-8770-87806FA4F59C_1_105_c.jpeg,0 EA41CF4B-05C3-48F8-8770-87806FA4F59C_1_105_c.jpeg,0 EA41CF4B-05C3-48F8-8770-87806FA4F59C_1_105_c.jpeg,0 EA41CF4B-05C3-48F8-8770-87806FA4F59C_1_105_c.jpeg,0 EA41CF4B-05C3-48F8-8770-87806FA4F59C_1_105_c.jpeg,0 EA41CF4B-05C3-48F8-8770-87806FA4F59C_1_105_c.jpeg,0 EA41CF4B-05C3-48F8-8770-87806FA4F59C_1_105_c.jpeg,0 EA41CF4B-05C3-48F8-8770-87806FA4F59C_1_105_c.jpeg,0 EA41CF4B-05C3-48F8-8770-87806FA4F59C_1_105_c.jpeg,0 EA41CF4B-05C3-48F8-8770-87806FA4F59C_1_105_c.jpeg
image 103/110 ED06613B-954A-4BE0-B1BD-B3C4E4A3A131_1_105_c.jpeg,3 Western Anemones,2 American Bistorts,Done. (0.252s),NA,NA,NA,NA,ED06613B-954A-4BE0-B1BD-B3C4E4A3A131_1_105_c.jpeg,0 ED06613B-954A-4BE0-B1BD-B3C4E4A3A131_1_105_c.jpeg,0 ED06613B-954A-4BE0-B1BD-B3C4E4A3A131_1_105_c.jpeg,0 ED06613B-954A-4BE0-B1BD-B3C4E4A3A131_1_105_c.jpeg,0 ED06613B-954A-4BE0-B1BD-B3C4E4A3A131_1_105_c.jpeg,0 ED06613B-954A-4BE0-B1BD-B3C4E4A3A131_1_105_c.jpeg,0 ED06613B-954A-4BE0-B1BD-B3C4E4A3A131_1_105_c.jpeg,0 ED06613B-954A-4BE0-B1BD-B3C4E4A3A131_1_105_c.jpeg,0 ED06613B-954A-4BE0-B1BD-B3C4E4A3A131_1_105_c.jpeg,0 ED06613B-954A-4BE0-B1BD-B3C4E4A3A131_1_105_c.jpeg,0 ED06613B-954A-4BE0-B1BD-B3C4E4A3A131_1_105_c.jpeg,0 ED06613B-954A-4BE0-B1BD-B3C4E4A3A131_1_105_c.jpeg,0 ED06613B-954A-4BE0-B1BD-B3C4E4A3A131_1_105_c.jpeg,0 ED06613B-954A-4BE0-B1BD-B3C4E4A3A131_1_105_c.jpeg
image 104/110 EE24F679-B8DB-4D11-97FD-8F9003F86257_1_105_c.jpeg,8 Subalpine Lupines,2 Sharptooth Angelicas,Done. (0.259s),NA,NA,NA,NA,EE24F679-B8DB-4D11-97FD-8F9003F86257_1_105_c.jpeg,0 EE24F679-B8DB-4D11-97FD-8F9003F86257_1_105_c.jpeg,0 EE24F679-B8DB-4D11-97FD-8F9003F86257_1_105_c.jpeg,0 EE24F679-B8DB-4D11-97FD-8F9003F86257_1_105_c.jpeg,0 EE24F679-B8DB-4D11-97FD-8F9003F86257_1_105_c.jpeg,0 EE24F679-B8DB-4D11-97FD-8F9003F86257_1_105_c.jpeg,0 EE24F679-B8DB-4D11-97FD-8F9003F86257_1_105_c.jpeg,0 EE24F679-B8DB-4D11-97FD-8F9003F86257_1_105_c.jpeg,0 EE24F679-B8DB-4D11-97FD-8F9003F86257_1_105_c.jpeg,0 EE24F679-B8DB-4D11-97FD-8F9003F86257_1_105_c.jpeg,0 EE24F679-B8DB-4D11-97FD-8F9003F86257_1_105_c.jpeg,0 EE24F679-B8DB-4D11-97FD-8F9003F86257_1_105_c.jpeg,0 EE24F679-B8DB-4D11-97FD-8F9003F86257_1_105_c.jpeg,0 EE24F679-B8DB-4D11-97FD-8F9003F86257_1_105_c.jpeg
image 105/110 EEB9ECA9-96E8-4CA0-B852-F21F5B2C345D_1_105_c.jpeg,8 Grays Lovages,8 Subalpine Lupines,Done. (0.254s),NA,NA,NA,NA,EEB9ECA9-96E8-4CA0-B852-F21F5B2C345D_1_105_c.jpeg,0 EEB9ECA9-96E8-4CA0-B852-F21F5B2C345D_1_105_c.jpeg,0 EEB9ECA9-96E8-4CA0-B852-F21F5B2C345D_1_105_c.jpeg,0 EEB9ECA9-96E8-4CA0-B852-F21F5B2C345D_1_105_c.jpeg,0 EEB9ECA9-96E8-4CA0-B852-F21F5B2C345D_1_105_c.jpeg,0 EEB9ECA9-96E8-4CA0-B852-F21F5B2C345D_1_105_c.jpeg,0 EEB9ECA9-96E8-4CA0-B852-F21F5B2C345D_1_105_c.jpeg,0 EEB9ECA9-96E8-4CA0-B852-F21F5B2C345D_1_105_c.jpeg,0 EEB9ECA9-96E8-4CA0-B852-F21F5B2C345D_1_105_c.jpeg,0 EEB9ECA9-96E8-4CA0-B852-F21F5B2C345D_1_105_c.jpeg,0 EEB9ECA9-96E8-4CA0-B852-F21F5B2C345D_1_105_c.jpeg,0 EEB9ECA9-96E8-4CA0-B852-F21F5B2C345D_1_105_c.jpeg,0 EEB9ECA9-96E8-4CA0-B852-F21F5B2C345D_1_105_c.jpeg,0 EEB9ECA9-96E8-4CA0-B852-F21F5B2C345D_1_105_c.jpeg
image 106/110 EF38F7FC-6B2C-4C0B-A9F4-DD22A1BAEDD7_1_105_c.jpeg,3 American Bistorts,2 Magenta Paintbrushs,3 Mountain Daisys,2 Sitka Valerians,24 Subalpine Lupines,Done. (0.256s),NA,EF38F7FC-6B2C-4C0B-A9F4-DD22A1BAEDD7_1_105_c.jpeg,0 EF38F7FC-6B2C-4C0B-A9F4-DD22A1BAEDD7_1_105_c.jpeg,0 EF38F7FC-6B2C-4C0B-A9F4-DD22A1BAEDD7_1_105_c.jpeg,0 EF38F7FC-6B2C-4C0B-A9F4-DD22A1BAEDD7_1_105_c.jpeg,0 EF38F7FC-6B2C-4C0B-A9F4-DD22A1BAEDD7_1_105_c.jpeg,0 EF38F7FC-6B2C-4C0B-A9F4-DD22A1BAEDD7_1_105_c.jpeg,0 EF38F7FC-6B2C-4C0B-A9F4-DD22A1BAEDD7_1_105_c.jpeg,0 EF38F7FC-6B2C-4C0B-A9F4-DD22A1BAEDD7_1_105_c.jpeg,0 EF38F7FC-6B2C-4C0B-A9F4-DD22A1BAEDD7_1_105_c.jpeg,0 EF38F7FC-6B2C-4C0B-A9F4-DD22A1BAEDD7_1_105_c.jpeg,0 EF38F7FC-6B2C-4C0B-A9F4-DD22A1BAEDD7_1_105_c.jpeg,0 EF38F7FC-6B2C-4C0B-A9F4-DD22A1BAEDD7_1_105_c.jpeg,0 EF38F7FC-6B2C-4C0B-A9F4-DD22A1BAEDD7_1_105_c.jpeg,0 EF38F7FC-6B2C-4C0B-A9F4-DD22A1BAEDD7_1_105_c.jpeg
image 107/110 F28C34AE-BDE6-471B-810C-F63C5CA4AE11_1_105_c.jpeg,2 Sitka Valerians,1 Subalpine Lupine,Done. (0.260s),NA,NA,NA,NA,F28C34AE-BDE6-471B-810C-F63C5CA4AE11_1_105_c.jpeg,0 F28C34AE-BDE6-471B-810C-F63C5CA4AE11_1_105_c.jpeg,0 F28C34AE-BDE6-471B-810C-F63C5CA4AE11_1_105_c.jpeg,0 F28C34AE-BDE6-471B-810C-F63C5CA4AE11_1_105_c.jpeg,0 F28C34AE-BDE6-471B-810C-F63C5CA4AE11_1_105_c.jpeg,0 F28C34AE-BDE6-471B-810C-F63C5CA4AE11_1_105_c.jpeg,0 F28C34AE-BDE6-471B-810C-F63C5CA4AE11_1_105_c.jpeg,0 F28C34AE-BDE6-471B-810C-F63C5CA4AE11_1_105_c.jpeg,0 F28C34AE-BDE6-471B-810C-F63C5CA4AE11_1_105_c.jpeg,0 F28C34AE-BDE6-471B-810C-F63C5CA4AE11_1_105_c.jpeg,0 F28C34AE-BDE6-471B-810C-F63C5CA4AE11_1_105_c.jpeg,0 F28C34AE-BDE6-471B-810C-F63C5CA4AE11_1_105_c.jpeg,0 F28C34AE-BDE6-471B-810C-F63C5CA4AE11_1_105_c.jpeg,0 F28C34AE-BDE6-471B-810C-F63C5CA4AE11_1_105_c.jpeg
image 108/110 F3202507-AA5C-41DF-97F9-E63ECF98F6A1_1_105_c.jpeg,3 Subalpine Lupines,Done. (0.253s),NA,NA,NA,NA,NA,F3202507-AA5C-41DF-97F9-E63ECF98F6A1_1_105_c.jpeg,0 F3202507-AA5C-41DF-97F9-E63ECF98F6A1_1_105_c.jpeg,0 F3202507-AA5C-41DF-97F9-E63ECF98F6A1_1_105_c.jpeg,0 F3202507-AA5C-41DF-97F9-E63ECF98F6A1_1_105_c.jpeg,0 F3202507-AA5C-41DF-97F9-E63ECF98F6A1_1_105_c.jpeg,0 F3202507-AA5C-41DF-97F9-E63ECF98F6A1_1_105_c.jpeg,0 F3202507-AA5C-41DF-97F9-E63ECF98F6A1_1_105_c.jpeg,0 F3202507-AA5C-41DF-97F9-E63ECF98F6A1_1_105_c.jpeg,0 F3202507-AA5C-41DF-97F9-E63ECF98F6A1_1_105_c.jpeg,0 F3202507-AA5C-41DF-97F9-E63ECF98F6A1_1_105_c.jpeg,0 F3202507-AA5C-41DF-97F9-E63ECF98F6A1_1_105_c.jpeg,0 F3202507-AA5C-41DF-97F9-E63ECF98F6A1_1_105_c.jpeg,0 F3202507-AA5C-41DF-97F9-E63ECF98F6A1_1_105_c.jpeg,0 F3202507-AA5C-41DF-97F9-E63ECF98F6A1_1_105_c.jpeg
image 109/110 F8F6010C-6C17-46C9-8967-69279AB28AF4_1_105_c.jpeg,4 American Bistorts,13 Mountain Daisys,2 Sitka Valerians,8 Subalpine Lupines,Done. (0.254s),NA,NA,F8F6010C-6C17-46C9-8967-69279AB28AF4_1_105_c.jpeg,0 F8F6010C-6C17-46C9-8967-69279AB28AF4_1_105_c.jpeg,0 F8F6010C-6C17-46C9-8967-69279AB28AF4_1_105_c.jpeg,0 F8F6010C-6C17-46C9-8967-69279AB28AF4_1_105_c.jpeg,0 F8F6010C-6C17-46C9-8967-69279AB28AF4_1_105_c.jpeg,0 F8F6010C-6C17-46C9-8967-69279AB28AF4_1_105_c.jpeg,0 F8F6010C-6C17-46C9-8967-69279AB28AF4_1_105_c.jpeg,0 F8F6010C-6C17-46C9-8967-69279AB28AF4_1_105_c.jpeg,0 F8F6010C-6C17-46C9-8967-69279AB28AF4_1_105_c.jpeg,0 F8F6010C-6C17-46C9-8967-69279AB28AF4_1_105_c.jpeg,0 F8F6010C-6C17-46C9-8967-69279AB28AF4_1_105_c.jpeg,0 F8F6010C-6C17-46C9-8967-69279AB28AF4_1_105_c.jpeg,0 F8F6010C-6C17-46C9-8967-69279AB28AF4_1_105_c.jpeg,0 F8F6010C-6C17-46C9-8967-69279AB28AF4_1_105_c.jpeg
image 110/110 FF8A2CC9-92BD-40D3-A2AC-ED67CBB6469B_1_105_c.jpeg,1 Sitka Valerian,Done. (0.257s),NA,NA,NA,NA,NA,FF8A2CC9-92BD-40D3-A2AC-ED67CBB6469B_1_105_c.jpeg,0 FF8A2CC9-92BD-40D3-A2AC-ED67CBB6469B_1_105_c.jpeg,0 FF8A2CC9-92BD-40D3-A2AC-ED67CBB6469B_1_105_c.jpeg,0 FF8A2CC9-92BD-40D3-A2AC-ED67CBB6469B_1_105_c.jpeg,0 FF8A2CC9-92BD-40D3-A2AC-ED67CBB6469B_1_105_c.jpeg,0 FF8A2CC9-92BD-40D3-A2AC-ED67CBB6469B_1_105_c.jpeg,0 FF8A2CC9-92BD-40D3-A2AC-ED67CBB6469B_1_105_c.jpeg,0 FF8A2CC9-92BD-40D3-A2AC-ED67CBB6469B_1_105_c.jpeg,0 FF8A2CC9-92BD-40D3-A2AC-ED67CBB6469B_1_105_c.jpeg,0 FF8A2CC9-92BD-40D3-A2AC-ED67CBB6469B_1_105_c.jpeg,0 FF8A2CC9-92BD-40D3-A2AC-ED67CBB6469B_1_105_c.jpeg,0 FF8A2CC9-92BD-40D3-A2AC-ED67CBB6469B_1_105_c.jpeg,0 FF8A2CC9-92BD-40D3-A2AC-ED67CBB6469B_1_105_c.jpeg,0 FF8A2CC9-92BD-40D3-A2AC-ED67CBB6469B_1_105_c.jpeg
